序号,采购人,合同名称,分类,理由
17000,安徽古生物化石博物馆,安徽古生物化石博物馆安保设备维保服务,协调能力,文化
17001,安徽省福利彩票发行中心,2016年安徽福彩宣传第1包,协调能力,民政
17002,安徽省福利彩票发行中心,2016年安徽福彩宣传第5包,协调能力,民政
17003,安徽省水文局,大江大河水文监测建设（一期）工程第八包,协调能力,水文
17004,财政部驻湖北省财政监察专员办事处,中央单位批量集中采购简易合同,协调能力,政府
17005,陕西省大气探测技术保障中心,合同书,协调能力,气象
17006,安徽省福利彩票发行中心,2016年安徽福彩宣传第4包,协调能力,民政
17007,安徽中澳科技职业学院,安徽中澳科技职业学院平安校园视频监控管理系统设备采购及安装,协调能力,教育
17008,安徽省福利彩票发行中心,2016年安徽福彩宣传第7包,协调能力,民政
17009,中国气象局气象干部培训学院,合同书,协调能力,教育
17010,安徽省福利彩票发行中心,2016年安徽福彩宣传第12包,协调能力,民政
17011,中国国际广播电台,土耳其语版汉语教学交流平台及移动客户APP运维服务合同,协调能力,广电
17012,安徽农业大学,安徽农业大学2015年高等教育振兴计划仪器设备采购(合同第9包）,协调能力,大学教育
17013,中国财税博物馆,中国财税博物馆会议室阅览室装修工程采购合同,协调能力,文化
17014,安徽省卫生和计划生育委员会,安徽省卫生和计划生育委员会中央补助医疗救治信息系统第2包,协调能力,卫生
17015,安徽农业大学,安徽农业大学2015年高等教育振兴计划仪器设备采购（合同第4包）,协调能力,大学教育
17016,中国财税博物馆,中国财税博物馆藏品管理系统技术开发合同,协调能力,文化
17017,安徽中澳科技职业学院,安徽中澳科技职业学院学生宿舍封阳台等工程合同,协调能力,教育
17018,临夏市供热公司,临夏市供热公司老城区、东城区供热站煤粉采购项目采购项目合同,协调能力,能源
17019,中国财税博物馆,中国财税博物馆展厅多媒体中控系统建设及维保项目,协调能力,文化
17020,中国财税博物馆,中国财税博物馆《中国当代财税历史陈列》布展项目设计施工合同,协调能力,文化
17021,安徽农业大学,安徽农业大学2015年高等教育振兴计划仪器设备采购（合同第22包）,协调能力,大学教育
17022,中国国际广播电台,中国影片土耳其语译制传输服务合同,协调能力,广电
17023,武威市凉州区下双乡人民政府,武威市凉州区下双乡人民政府惠农服务厅建设项目,协调能力,政府
17024,安徽农业大学,安徽农业大学2015年高等教育振兴计划仪器设备采购（合同第14包）,协调能力,大学教育
17025,安徽建筑大学,安徽建筑大学电子图书、电子数据库第1包,协调能力,大学教育
17026,广河县农牧局,广河县2016年旱作农业秋覆膜、顶凌覆膜地膜采购项目采购合同,协调能力,农业
17027,中国财税博物馆,中国财税博物馆LED大屏改造项目,协调能力,文化
17028,安徽农业大学,安徽农业大学2015年高等教育振兴计划仪器设备采购（合同第6包）,协调能力,大学教育
17029,安徽建筑大学,安徽建筑大学电子图书、电子数据库第3包,协调能力,大学教育
17030,安徽农业大学,安徽农业大学2015年高等教育振兴计划仪器设备采购（合同第11包）,协调能力,大学教育
17031,团中央机关服务中心,共青团中央内网等级保护建设软件开发采购项目合同,协调能力,政府
17032,凉州区下双乡政府,凉州区下双乡日光温室示范园区美化亮化基础设施建设项目,协调能力,农业
17033,安徽医科大学,安徽医科大学教学科研设备采购第7包,协调能力,大学教育
17034,涡阳县招投标管理委员会办公室,涡阳县2015-2016年度财政投入项目定点招标代理机构,协调能力,政府
17035,凉州区下双乡政府,凉州区下双乡政府日光温室示范园区基层设施建设项目,协调能力,农业
17036,凉州区东河学区,凉州区东河学区中小学冬季取暖及生活用煤采购项目,协调能力,教育
17037,凉州区下双乡人民政府,凉州区下双乡人民政府日光温室园区科普宣传长廊建设项目,协调能力,农业
17038,凉州区下双乡政府,凉州区下双乡政府大庙文物保护修建项目,协调能力,文化
17039,凉州区下双乡政府,凉州区下双乡政府设施蔬菜出口农产品基地路牙石安装和科普宣传长廊等建设项目,协调能力,农业
17040,合肥市重点工程建设管理局,合肥公交集团北城停保场专用设备采购第3包洗车机,协调能力,基础设施
17041,安徽财经大学,安徽财经大学数字资源、图书资料第2包,协调能力,大学教育
17042,安徽省体育局,安徽省体育局大院场馆改造监理及审计第2包,协调能力,体育
17043,瓜州县国有资产运营中心,酒泉市瓜州县国有资产运营中心瓜州县"五中心"办公家具采购项目,协调能力,政府
17044,宿州学院,宿州学院教学仪器设备采购第23包,协调能力,大学教育
17045,宿州学院,宿州学院教学仪器设备采购第28包,协调能力,大学教育
17046,宿州学院,宿州学院教学仪器设备采购第6包,协调能力,大学教育
17047,安徽建筑大学,安徽建筑大学法规处专用仪器设备第3包,协调能力,大学教育
17048,宿州学院,宿州学院教学仪器设备采购第24包,协调能力,大学教育
17049,酒泉师范学校附属小学,酒泉师范学校附属小学多媒体数字图书馆、高清LED显示屏及安装采购项目（2包）,协调能力,教育
17050,宿州学院,宿州学院教学仪器设备采购第18包,协调能力,大学教育
17051,庆阳市西峰区教育体育局,庆阳市西峰区巨家塬小学维修改造工程及青少年校外综合实践教育基地项目合同,协调能力,教育
17052,宿州学院,宿州学院教学仪器设备采购第3包,协调能力,大学教育
17053,国家体育总局体育彩票管理中心,国家体育总局体育彩票管理中心采购合同,协调能力,体育
17054,宿州学院,宿州学院教学仪器设备采购第7包,协调能力,大学教育
17055,安徽农业大学,安徽省专用玉米原种扩繁基础设施建设工程施工合,协调能力,大学教育
17056,安徽省纤维检验局,安徽省纤维检验局检测设备采购,合规能力,检验检测
17057,国家安全生产应急救援指挥中心,国家安全生产应急救援指挥中心安全生产现场应急联动与智能决策系统软件开发与系统集成服务技术开发合同,合规能力,安全监管
17058,宿州学院,宿州学院教学仪器设备采购第4包,协调能力,大学教育
17059,酒泉师范学校附属小学,酒泉师范学校附属小学多媒体数字图书馆、高清LED显示屏及安装采购项目(1包),协调能力,教育
17060,皖西学院,皖西学院数字化校园应用系统采购合同,协调能力,大学教育
17061,宿州学院,宿州学院教学仪器设备采购第9包,协调能力,大学教育
17062,凉州区教育局,凉州区教育局部分中小学生课桌凳、高低床采购项目三包,协调能力,教育
17063,海南省洋浦经济开发区地方税务局,海南省政府采购中心关于海南省洋浦经济开发区地方税务局办公家具01包合同,提取能力,税务
17064,凉州区教育局,凉州区教育局部分中小学生课桌凳、高低床采购项目一包,协调能力,教育
17065,凉州区畜牧兽医局,凉州区畜牧兽医局动物防疫应急物资采购项目一包,协调能力,农业
17066,凉州区畜牧兽医局,凉州区畜牧兽医局动物防疫应急物资采购项目三包,协调能力,农业
17067,武威市凉州区畜牧兽医局,武威市凉州区畜牧兽医局动物防疫应急物资采购项目二包,协调能力,农业
17068,凉州区教育局,凉州区教育局部分中小学生课桌凳、高低床采购项目二包,协调能力,教育
17069,凉州区永昌学区,凉州区永昌学区中小学冬季取暖及生活用煤采购项目,协调能力,教育
17070,上海国家会计学院,上海国家会计学院综合业务平台套装软件合同,协调能力,教育
17071,合肥市公路管理局,环巢湖大道连接线（三河至环湖大道）工程监理,协调能力,交通
17072,上海国家会计学院,上海国家会计学院低压配电柜材料设备购置合同,协调能力,教育
17073,上海国家会计学院,上海国家会计学院3号公寓楼和5号公寓楼修缮工程监理合同,协调能力,教育
17074,上海国家会计学院,上海国家会计学院3号公寓楼和5号公寓楼修缮工程弱电工程,协调能力,教育
17075,上海国家会计学院,上海国家会计学院三期工程项目代建管理服务项目服务合同,协调能力,教育
17076,上海国家会计学院,上海国家会计学院屋面防水维修工程合同,协调能力,教育
17077,无供应商,12个跨境水质自动监测系统建设采购项目,协调能力,环保
17078,上海国家会计学院,上海国家会计学院三期工程项目概念性方案设计及咨询服务合同,协调能力,教育
17079,上海国家会计学院,上海国家会计学院3号公寓楼和5号公寓楼修缮工程火灾报警系统工程,协调能力,教育
17080,上海国家会计学院,上海国家会计学院综合业务平台项目实施（一期）合同,协调能力,教育
17081,涡阳县招投标管理委员会办公室,涡阳县2015-2016年度财政投入项目定点招标代理机构,协调能力,政府
17082,玉门市园林绿化局,酒泉市玉门市玉泽湖公园冬季种植苗木及新种苗木引进采购项目（2包）,协调能力,园林
17083,安徽省安全生产监督管理局,铸安行动办公设备采购,合规能力,安全监管
17084,蚌埠学院,蚌埠学院网络中心服务器更新采购合同,协调能力,大学教育
17085,河北省国家税务局,税源管理平台运行维护,提取能力,税务
17086,贵州省国家税务局,贵州省国家税务局政府采购合同-补充合同,提取能力,税务
17087,合肥城建投资控股有限公司,黄怀路口等四个公共停车场设计,协调能力,基础设施
17088,安徽省港航管理局淮河航道局,淮河航道航标器材采购与安装项目,协调能力,交通
17089,蚌埠学院,蚌埠学院物业管理项目,协调能力,大学教育
17090,临夏市供热公司,临夏市供热公司老城区、东城区供热站煤粉采购合同,协调能力,能源
17091,蚌埠学院,蚌埠学院物业管理项目,协调能力,大学教育
17092,肃州区国家玉米制种基地建设项目办公室,酒泉市肃州区国家玉米制种基地建设初步设计方案项目,协调能力,农业
17093,肃州区农业广播电视学校,酒泉市肃州区2015年新型职业农民培育工程项目,协调能力,农业
17094,宿州学院,宿州学院教学仪器设备采购第14包,协调能力,大学教育
17095,蚌埠学院,蚌埠学院物业管理项目,协调能力,大学教育
17096,河北省国家税务局,全省视频会议系统设备维保和技术服务,提取能力,税务
17097,淮北师范大学,淮北师范大学相山校区校园物业项目,协调能力,大学教育
17098,酒泉市国土资源局,酒泉市国土资源局综合办公楼视频安防监控系统升级改造采购项目,协调能力,国土
17099,上海市松江区水务局,2014年截污纳管,协调能力,水务
17100,甘肃省中医院,甘肃省中医院新建警务室工程政府采购项目,协调能力,医疗
17101,安徽农业大学,安徽农业大学消防自动化系统2016年维护检测与保养(001),协调能力,大学教育
17102,安徽农业大学,安徽农业大学2015年现代农业生产发展资金（教学科研仪器设备采购）第8包生化设备四类(001),协调能力,大学教育
17103,蚌埠学院,蚌埠学院继教院录制室设备,协调能力,大学教育
17104,阜阳师范学院,阜阳师范学院教学科研仪器设备采购第19包,协调能力,大学教育
17105,凉州区永丰镇人民政府,凉州区永丰镇人民政府巩固退耕还林成果2014年度后续产业建设项目,协调能力,农业
17106,武威第十中学,武威第十中学多媒体教学设备采购项目,协调能力,教育
17107,武威市凉州区黄羊镇中心幼儿园,武威市凉州区黄羊镇中心幼儿园供热转换站及公租房大门建设项目,协调能力,教育
17108,财政部信息网络中心,财政信息网络中心VPN设备采购网上竞价供货合同,协调能力,政府
17109,安徽农业大学,安徽农业大学2015年高校发展能力提升计划（仪器设备及修缮）第41包：医疗设备三类(41),协调能力,大学教育
17110,安徽农业大学,安徽农业大学2015年现代农业生产发展资金（教学科研仪器设备采购）第1包现代电子设备类(1),协调能力,大学教育
17111,财政部信息网络中心,宏观经济预测分析系统运行维护合同,协调能力,政府
17112,安徽省质量技术监督局,安徽省质量技术监督局会场桌椅第2包,合规能力,质量监督
17113,财政部信息网络中心,国库支付系统国产化项目技术开发合同,协调能力,政府
17114,财政部信息网络中心,财政部专员办网络综合布线项目采购合同,协调能力,政府
17115,财政部信息网络中心,财政部金财一期工程中央本级建设项目竣工验收财务审计与咨询服务合同,协调能力,政府
17116,财政部信息网络中心,财政部三里河新机房搬迁项目服务合同,协调能力,政府
17117,财政部信息网络中心,外网域名递归解析设备采购合同,协调能力,政府
17118,财政部信息网络中心,财政部内部网站升级改造项目合同,协调能力,政府
17119,财政部信息网络中心,财政部行政审批管理系统项目合同,协调能力,政府
17120,国家质量监督检验检疫总局通关业务司,进出境货物风险预警系统维护等合同,合规能力,检验检疫
17121,普陀区商务委员会,智慧协同平台软件EIS产品销售合同,协调能力,商务
17122,普陀区商务委员会,关于微信公众平台委托服务的合作协议,协调能力,商务
17123,国家质量监督检验检疫总局通关业务司,北京双活中心第三方测试,合规能力,检验检疫
17124,财政部信息网络中心,预算执行信息系统维护项目技术服务合同,协调能力,政府
17125,淮北师范大学,淮北师范大学滨湖校区垃圾外运项目,协调能力,大学教育
17126,凉州区东大街街道办事处,凉州区东大街街道办事处社区老年人日间照料中心项目一包,协调能力,民政
17127,财政部信息网络中心,中央部门预算管理系统运行维护项目技术服务合同,协调能力,政府
17128,凉州区大柳乡政府,凉州区大柳乡新型社区视频监控设备采购项目,协调能力,政府
17129,财政部信息网络中心,国债管理系统升级改造-地方政府债券管理分析项目合同,协调能力,政府
17130,国家测绘地理信息局四川基础地理信息中心,四川测绘地理信息局三维立体激光投影系统集成政府采购项目,提取能力,测绘
17131,凉州区杂木水管处,凉州区杂木水管处冬季取暖用煤采购项目,协调能力,水利
17132,凉州区东大街街道办事处,凉州区东大街街道办事处社区老年人日间照料中心项目三包,协调能力,民政
17133,吉林省国家税务局,吉林省国家税务局2015年上半年空调机批量采购项目合同,提取能力,税务
17134,国家测绘地理信息局四川基础地理信息中心,四川省测绘地理信息局地理国情普查自然与人文地理信息资源库软硬件一体化平台集成采购项目,提取能力,测绘
17135,财政部信息网络中心,电子凭证安全支撑控件升级改造项目合同,协调能力,政府
17136,武威市凉州区东大街街道办事处,武威市凉州区东大街街道办事处社区老年人日间照料中心项目二包,协调能力,民政
17137,凉州区公安局,凉州区公安局派出所执法办案区标准化建设项目,合规能力,公安
17138,国家质量监督检验检疫总局通关业务司,进出口企业诚信管理系统升级,合规能力,检验检疫
17139,中国检验检疫科学研究院,国家质检总局2014年提升食品质量安全检（监）测能力建设专项购买气体控制扫描探针显微镜,合规能力,检验检疫
17140,财政部信息网络中心,财政部证书及证书介质运维服务合同,协调能力,政府
17141,凉州区东关街街道办事处,凉州区东关街街道办事处社区办公用房装修项目,协调能力,政府
17142,中国延安干部学院,2015年度中国延安干部学院门户网站改版及微信公众平台建设项目软件开发合同,协调能力,教育
17143,重庆交通大学,交通信号智能控制及在环仿真平台,协调能力,大学教育
17144,重庆交通大学,交通运输学院交通信号控制系统,协调能力,大学教育
17145,安徽粮食工程职业学院,安徽粮食工程职业学院学生宿舍工程清单、控制价、工程跟踪审计及决算审计,协调能力,教育
17146,宁波市公安局,宁波市公安局网络设备采购项目,合规能力,公安
17147,中华人民共和国拱北海关,拱北海关珠海执勤武警部队营房新建篮球场工程合同书,提取能力,海关
17148,中华人民共和国拱北海关,拱北海关单身员工及交流干部宿舍楼5~13层内部装修工程合同书,提取能力,海关
17149,武威市凉州区农村集体经济经营管理指导站,武威市凉州区农村土地承包经营权确权项目一包,协调能力,农业
17150,宁波市公安局,宁波市公安局解剖中心特殊物业管理服务项目,合规能力,公安
17151,武威市凉州区林技中心,武威市凉州区林技中心特色林果产业等项目生产资料采购项目二包,协调能力,林业
17152,宁波市公安局,宁波市10月份公务车辆采购项目,合规能力,公安
17153,武威市凉州区畜牧兽医局,武威市凉州区畜牧兽医局2015年生猪良种补贴项目供精单位部门集中采购项目一包,协调能力,农业
17154,宁波市公安局,宁波市看守所监区二楼及行政楼四楼改造项目,合规能力,公安
17155,武威市凉州区农村集体经济经营管理指导站,武威市凉州区农村土地承包经营权确权项目四包,协调能力,农业
17156,凉州区松树乡人民政府,凉州区松树乡人民政府日光温室红提葡萄产业园区苗木部门集中采购项目,协调能力,农业
17157,凉州区松树乡人民政府,凉州区松树乡人民政府日光温室红提葡萄产业园区苗木部门集中采购项目,协调能力,农业
17158,武威市凉州区人民检察院,武威市凉州区人民检察院远程提审同录办案采购项目,合规能力,检察院
17159,武威市凉州区林技中心,武威市凉州区林技中心特色林果产业等项目生产资料采购项目三包,协调能力,林业
17160,安徽省蜀山监狱,安徽省蜀山监狱警务通集成系统设备采购及安装项目,合规能力,监狱
17161,宁波市公安局,宁波市公安局网上督察系统,合规能力,公安
17162,宁波市公安局,宁波市公安局看守所安防系统改造监理项目,合规能力,公安
17163,宁波市公安局,宁波市5月份公务车辆采购项目,合规能力,公安
17164,宁波市公安局,宁波市公安局高速交警指挥中心科技信息化设备(DLP大屏显示设备),合规能力,公安
17165,武威市凉州区农村集体经济经营管理指导站,武威市凉州区农村土地承包经营权确权项目二包,协调能力,农业
17166,武威市凉州区农村集体经济经营管理指导站,武威市凉州区农村土地承包经营权确权项目三包,协调能力,农业
17167,武威市凉州区畜牧兽医局,武威市凉州区畜牧兽医局2015年生猪良种补贴项目供精单位部门集中采购项目三包,协调能力,农业
17168,凉州区林技中心,凉州区林技中心特色林果产业等项目生产资料采购项目一包,协调能力,林业
17169,武威市凉州区畜牧兽医局,武威市凉州区畜牧兽医局2015年生猪良种补贴项目供精单位部门集中采购项目二包,协调能力,农业
17170,广西税务干部学校,广西税务干部学校专用设备采购,提取能力,税务
17171,宁波市公安局,宁波市公安局刑侦支队业务用房物业管理服务项目,合规能力,公安
17172,安徽省青山监狱,安徽省青山监狱警务技术中心办公配套设施（第3包：办公家具）,合规能力,监狱
17173,安徽省工商行政管理局,安徽省工商局物业管理服务,合规能力,市场监管
17174,中国科学技术馆,中国科学技术馆冷水机组采购及安装项目政府采购合同,协调能力,科普
17175,重庆市两江职业教育中心,重庆市江北区政府采购合同,协调能力,教育
17176,天水市幼儿园,恒达富士电梯有限公司甘肃分公司设备工程安装运输合同文件,协调能力,教育
17177,陇西县教育体育局,陇西县教育体育局县青少年活动中心装修装备采购项目第二包,协调能力,教育
17178,陇西县教育体育局,陇西县教育体育局县青少年活动中心装修装备采购项目第三包,协调能力,教育
17179,陇西县中医医院,陇西县中医医院医疗设备采购项目,协调能力,医疗
17180,陇西县妇幼保健院,陇西县妇幼保健院电梯采购项目,协调能力,医疗
17181,安徽建筑大学,安徽建筑大学教务处专用仪器设备采购第16包,协调能力,大学教育
17182,榆中县人民法院,榆中县人民法院监控系统视频会议室政府采购项目合同书,合规能力,法院
17183,白银市文化广播影视新闻出版局,白银市文化广播影视新闻出版局文化中心办公楼安装消防备用电源项目政府采购合同,协调能力,文广
17184,重庆图书馆,数字图书馆馆推广2014年数字资源联合建设项目,协调能力,文化
17185,安徽水利水电职业技术学院,安徽水利水电职业技术学院学生公寓设备设施采购合同,协调能力,教育
17186,凉州区中心敬老院,凉州区中心敬老院2015年冬季供暖采购合同,协调能力,民政
17187,重庆图书馆,消防应急照明设备采购合同,协调能力,文化
17188,九龙坡区市政管理监察支队(区数字化城市管理中心),政府采购销售合同,协调能力,城管
17189,白银市民政局,白银市民政局2015年度救灾物资（餐具）采购项目政府采购合同,协调能力,民政
17190,重庆图书馆,中央空调主体配件采购,协调能力,文化
17191,九龙坡区市政管理监察支队(区数字化城市管理中心),政府采购销售合同,协调能力,城管
17192,凉州区西营河水利管理处,凉州区西营河水利管理处冬季用煤采购项目,协调能力,水利
17193,武威市凉州区古城镇人民政府,武威市凉州区古城镇人民政府净水器等商品采购项目,协调能力,政府
17194,江北区民政局机关,重庆市江北区民政局机关所需家具项目,协调能力,民政
17195,古永高速公路收费管理所,古永高速公路收费管理所办公、宿舍家具购置项目,协调能力,交通
17196,安徽省淠史杭灌区管理总局,2015年灌区续建配套工程第二批政府采购第10包合同公示,协调能力,水利
17197,安徽省淠史杭灌区管理总局,2015年灌区续建配套工程第二批政府采购第15包合同公示,协调能力,水利
17198,省财政信息中心,安徽省财政信息中心信息安全服务和网络安全产品采购,协调能力,政府
17199,宁波市北仑区广播电视中心,北仑广电中心全媒体融合平台系统,协调能力,广电
