序号,采购人,合同名称,分类,理由
8600,中国科学院信息工程研究所,中国科学院信息工程研究所服务器采购项目,协调能力,科研机构信息化建设
8601,中国科学院测量与地球物理研究所,便携式计算机,协调能力,科研机构设备采购
8602,安徽省动物卫生监督所,农业部生猪定点屠宰环节瘦肉精部级专项监督检测试纸条及执法记录仪采购第1包,合规能力,食品安全监督检测
8603,中央电视台,系统适配及单件设备（二十四）新闻制播三部模块化存储备份系统项目,协调能力,公共媒体服务建设
8604,中央电视台,音像资料馆系统扩充（一）特藏系统扩充设备采购项目,协调能力,公共媒体档案服务
8605,中国科学院华南植物园,技术协议书,协调能力,科研机构技术服务
8606,甘肃省妇幼保健院,省妇幼输液系统组二次政府采购项目,协调能力,公共医疗卫生服务
8607,皋兰县教育局,皋兰县教育局2015年标准化学校建设设备配备项目,协调能力,教育基础设施建设
8608,中央电视台,摄像机系统设备,协调能力,公共媒体服务设备
8609,天祝县华藏林场,天祝县华藏林场县城西山绿化区喷灌延伸扩展设备材料公开招标合同,协调能力,林业绿化设施建设
8610,广河县农业局,广河县2015-2017年农村土地承包经营权确权登记颁证项目合同,协调能力,农村土地管理服务
8611,静宁县林业局,静宁县林业局亚行项目经济林造林项目,协调能力,林业经济发展
8612,兰州理工大学,兰州理工大学石化仓库改造项目合同(包四),协调能力,高等教育基础设施
8613,甘肃省公路路政执法局,甘肃省公路路政执法局超限检测站地磅称重系统采购及安装工程政府采购项目,合规能力,公路执法监管设备
8614,中国科学院上海有机化学研究所,中国科学院上海有机化学研究所台式计算机采购项目,协调能力,科研机构设备采购
8615,永靖县农业技术推广站,永靖县2015旱作农业项目凌覆膜地膜农机局采购合同,协调能力,农业技术推广服务
8616,庆城县教育局,庆城县教育局中小学美术器材采购合同,协调能力,教育设施设备采购
8617,国家基础地理信息中心,二○一五年国家航空航天遥感影像获取项目（三期）合同,协调能力,地理信息公共服务
8618,静宁县林业局,静宁县2014年新一轮退耕还林苗木采购项目三包,协调能力,生态林业建设
8619,临夏州政协,政协临夏州委员会办公家具采购项目采购合同,协调能力,政协工作支持
8620,中国科学院工程热物理研究所,便携式计算机,协调能力,科研机构设备采购
8621,中国科学院测量与地球物理研究所,图形工作站,协调能力,科研机构设备采购
8622,中国科学院测量与地球物理研究所,图形工作站,协调能力,科研机构设备采购
8623,中国第二历史档案馆,中国第二历史档案馆2015年档案缩微加工服务合同,协调能力,档案文化服务
8624,中央国家机关政府采购中心,超净工作台等设备采购合同,协调能力,政府通用设备采购
8625,中国科学院华南植物园,技术服务协议书,协调能力,科研机构技术服务
8626,国家海洋局大连海洋环境监测中心站,中央国家机关政府采购网上竞价合同,协调能力,海洋环境监测服务
8627,和政农业技术推广中心,和政县2015旱作农业顶凌覆膜地膜扶贫资助采购项目合同,协调能力,农业扶贫技术推广
8628,天祝县天堂镇,天祝县天堂镇生态小康村镇及园林绿化工程苗木公开招标采购合同,协调能力,生态小康村镇建设
8629,中华人民共和国云南出入境检验检疫局,云南出入境检验检疫局虚拟化硬件设备扩容采购项目,合规能力,检验检疫信息化建设
8630,天祝县工业集聚区管委会,天祝县工业集聚区管委会金强工业集中区总体发展规划环评项目合同,协调能力,工业园区规划服务
8631,中央国家机关政府采购中心,垂直振荡器采购合同,协调能力,政府通用设备采购
8632,古浪县农业综合开发办,古浪县2015年海子滩镇高标准农田建设项目,协调能力,农业基础设施建设
8633,永靖县农业技术推广站,永靖县2015旱作农业项目凌覆膜地膜农机局采购合同,协调能力,农业技术推广服务
8634,天祝县华藏林场,天祝县华藏林场三北五期工程2014年度造林苗木单一来源采购合同,协调能力,三北防护林生态建设
8635,甘肃省工业和信息化委员会,2015年中央和省级财政奖励淘汰落后产能项目现场核查验收工作政府采购合同,协调能力,工业转型升级管理
8636,皋兰县人民医院,皋兰县人民医院胃镜等医疗专用设备采购项目供货合同,协调能力,公共医疗卫生服务
8637,中国科学院科技政策与管理科学研究所,交换机,协调能力,科研机构设备采购
8638,临夏县政府,临夏县政府服务网建设项目合同,协调能力,政务服务信息化建设
8639,国家税务总局,综合数据分析平台升级完善项目技术合同书（2015年备忘录）,提取能力,税务信息化平台建设
8640,江永县国家税务局,江永县国家税务局食堂装修改造工程,提取能力,税务局基础设施建设
8641,庆阳市合水县财政局,合水县财政局办公设备采购项目政府采购供货合同,提取能力,财政部门办公设备
8642,皋兰县教育局,皋兰县教育局2015年标准化学校建设设备配备项目,协调能力,教育基础设施建设
8643,中国科学院华南植物园,技术服务协议书,协调能力,科研机构技术服务
8644,华亭县食品药品监督管理局,华亭县食品药品检验检测中心实验室设计改造项目采购合同,合规能力,食品药品监管能力建设
8645,中国科学院华南植物园,技术协议书,协调能力,科研机构技术服务
8646,中国气象局武汉暴雨研究所,供货合同,协调能力,气象科研服务
8647,湖北省国家税务局,湖北省国家税务局SAN路由器采购合同,提取能力,税务信息化建设
8648,中华人民共和国商务部市场秩序司,2015年度肉菜流通追溯中央平台运行维护项目,协调能力,市场流通追溯服务
8649,皋兰县教育局,皋兰县教育局2015年标准化学校建设设备配备项目,协调能力,教育基础设施建设
8650,中国科学院测量与地球物理研究所,台式计算机,协调能力,科研机构设备采购
8651,嘉峪关日报社,嘉峪关日报社所需电动三轮车及两轮摩托车采购购销合同,协调能力,媒体服务设备采购
8652,天祝县华藏林场,天祝县华藏林场病虫害防治农药单一来源采购合同,协调能力,林业病虫害防治
8653,中国科学院信息工程研究所,中国科学院信息工程研究所身份管理服务器采购项目,协调能力,科研机构信息化建设
8654,安徽省动物卫生监督所,农业部生猪定点屠宰环节瘦肉精部级专项监督检测试纸条及执法记录仪采购第3包,合规能力,食品安全监督检测
8655,中国科学院测量与地球物理研究所,图形工作站,协调能力,科研机构设备采购
8656,中国科学院科技政策与管理科学研究所,便携式计算机,协调能力,科研机构设备采购
8657,中国科学院测量与地球物理研究所,台式计算机,协调能力,科研机构设备采购
8658,国家海洋局大连海洋环境监测中心站,纯水机等设备采购合同,协调能力,海洋环境监测服务
8659,永靖县委会统战部,永靖县"两个共同"师范乡（镇）名族宗教工作办公室功能建设项目供货合同,协调能力,民族宗教工作协调
8660,中国科学院测量与地球物理研究所,机架式服务器,协调能力,科研机构设备采购
8661,兰州理工大学,兰州理工大学石化仓库改造项目合同(包二),协调能力,高等教育基础设施
8662,中国疾病预防控制中心病毒病预防控制所,政府采购合同,协调能力,公共卫生疾病预防
8663,中央电视台,财经频道上海、深圳演播室改造(传输、录像机及编辑工作站部分),协调能力,公共媒体服务建设
8664,中国科学院华南植物园,技术协议书,协调能力,科研机构技术服务
8665,中央电视台,通话设备,协调能力,公共媒体服务设备
8666,兰州理工大学,兰州理工大学石化仓库改造项目合同(包三),协调能力,高等教育基础设施
8667,静宁县德顺小学,静宁县德顺小学校门维修改造项目,协调能力,教育基础设施维护
8668,临夏市政务中,临夏市政务中心合同,协调能力,政务服务建设
8669,华亭县教育局,华亭县教育局2014-2014全面改薄学生用床、课桌凳采购合同,协调能力,教育设施设备采购
8670,天祝县农牧局,天祝县2015年农用地膜政府采购购销合同,协调能力,农业生产服务
8671,中国科学院测量与地球物理研究所,便携式计算机,协调能力,科研机构设备采购
8672,中国第二历史档案馆,中国第二历史档案馆2015年档案修裱加工服务合同,协调能力,档案文化服务
8673,国家测绘地理信息局第一航测遥感院,中央国家机关政府采购购销合同,协调能力,测绘地理信息服务
8674,凉州区新鲜学校,武威市凉州区新鲜学校围墙修建项目合同,协调能力,教育基础设施建设
8675,金昌市人民防空办公室,金昌市人民防空办公室多媒体警报器采购项目供货合同,协调能力,人民防空公共服务
8676,广河县林业局,广河县2014中央财政造林补贴项目苗木采购合同,协调能力,林业生态建设
8677,永靖县教育局,永靖县教育局2014全面改薄教学设备购置采购项目供货合同,协调能力,教育设施设备采购
8678,临夏市教育局,临夏市教育装备薄弱学校改造项目购销合同,协调能力,教育设施改善
8679,中国科学院华南植物园,技术协议书,协调能力,科研机构技术服务
8680,天祝县华隆林场,天祝县华隆林场三北防护林五期工程单一来源采购合同,协调能力,三北防护林生态建设
8681,天祝县华藏林场,天祝县华藏林场石坡沟管护站修建和水泉子管护站维修工程公开招标合同,协调能力,林业管护设施建设
8682,临夏县农牧局,临夏县2015年冬小麦"一喷三防"项目物资采购合同,协调能力,农业生产技术服务
8683,中国科学院工程热物理研究所,真空泵系统研制,协调能力,科研机构设备研制
8684,中国科学院信息工程研究所,中国科学院信息工程研究所架式服务器采购项目,协调能力,科研机构信息化建设
8685,凉州区新鲜学校,武威市凉州区新鲜学校围墙修建项目合同,协调能力,教育基础设施建设
8686,中华人民共和国云南出入境检验检疫局,云南出入境检验检疫局高清视频会议系统优化改造工程采购项目,合规能力,检验检疫信息化建设
8687,甘肃省计量研究院,甘肃省计量研究院计量检测设备采购项目,协调能力,计量科研检测服务
8688,中央国家机关政府采购中心,中央国家机关政府采购网上竞价合同,协调能力,政府通用采购服务
8689,皋兰县教育局,皋兰县教育局2015年标准化学校建设设备配备项目,协调能力,教育基础设施建设
8690,广西税务干部学校,广西国税系统廉政文化教育展厅屋面维修工程施工合同,提取能力,税务系统培训设施
8691,临夏市城市管理综合行政执法局,临夏市城市管理综合行政执法局果皮箱采购项目供货合同,合规能力,城市管理执法设施
8692,北海市国家税务局,物业管理委托合同,提取能力,税务局后勤保障
8693,静宁县灵芝乡人民政府,静宁县2015年整村推进灵芝乡前湾村砂化路和信息化服务中心建设项目一包,协调能力,乡村基础设施建设
8694,静宁县灵芝乡人民政府,静宁县2015年整村推进灵芝乡前湾村砂化路和信息化服务中心建设项目二包,协调能力,乡村基础设施建设
8695,中国科学院测量与地球物理研究所,便携式计算机,协调能力,科研机构设备采购
8696,永靖县农机推广站,永靖县2015旱作农业项目凌覆膜地膜采购合同,协调能力,农业技术推广服务
8697,渭源县民政局,渭源县民政局救灾折叠床取暖用具供货合同,协调能力,民政救灾物资保障
8698,中国科学院信息工程研究所,中国科学院信息工程研究所固态硬盘采购项目合同,协调能力,科研机构设备采购
8699,和政县人民医院,和政县人民医院心电监护仪采购项目合同,协调能力,公共医疗卫生服务
8700,积石山县农业技术推广中心,积石山县农业技术推广中心蔬菜标准园建设项目大棚材料采购供货合同,协调能力,农业技术推广服务
8701,永靖县教育局,永靖县中小学课桌凳及高低床采购项目供货合同,协调能力,教育设施设备采购
8702,静宁县李店镇人民政府,静宁县李店镇王沟村贫困村村组道路硬化和2015年整村推进李店镇上杜村、郭湾村梯田建设及村组道路砂化项目二、四包,协调能力,乡村扶贫基础设施
8703,广州市黄埔区国家税务局,广东省国家税务局税务制服采购,提取能力,税务局制服采购
8704,临夏州人大,临夏州人大常委会办公家具采购项目供货合同,协调能力,人大工作支持
8705,中国科学院测量与地球物理研究所,便携式计算机,协调能力,科研机构设备采购
8706,中央电视台,第十七、十八、十九演播室群高清改造音频系统主调音台增补设备,协调能力,公共媒体服务建设
8707,中央电视台,无线话筒,协调能力,公共媒体服务设备
8708,和政县公安局,和政县公安局平安城市建设项目采购合同,合规能力,公安治安监控建设
8709,中国科学院信息工程研究所,中国科学院信息工程研究所物联网安全测试分析与应用扩展系统及配套,协调能力,科研机构信息安全研究
8710,临夏市城市管理综合行政执法局,临夏市城市管理综合行政执法局洗扫车清洗车采购项目合同,合规能力,城市管理执法设备
8711,中国科学院华南植物园,中国科学院华南植物园南亚热带森林生态系统过程与服务功能研究实验平台设备采购项目合同,协调能力,生态科研平台建设
8712,兰州财经大学,兰州财经大学服装工业实验（实训）室建设项目（HT）,协调能力,高等教育实训建设
8713,中国科学院测量与地球物理研究所,一体机,协调能力,科研机构设备采购
8714,临夏市名族医院,临夏市名族医院全自动生化分析系统采购项目供货合同,协调能力,公共医疗卫生服务
8715,中国科学院华南植物园,技术协议书,协调能力,科研机构技术服务
8716,临夏市名族医院,临夏市名族医院五分类全自动血液分析仪二次采购项目供货合同,协调能力,公共医疗卫生服务
8717,中国科学院华南植物园,技术协议服务书,协调能力,科研机构技术服务
8718,临夏县农牧局,临夏县2015扶贫资金旱作农业项目凌覆膜地膜采购合同,协调能力,农业扶贫技术服务
8719,广河县农业局,广河县农业局2015年可回收耐候农业地膜采购项目采购合同,协调能力,农业生产服务
8720,天祝县国土资源局,天祝县国土资源局哈溪镇西滩村土地整理项目询价合同,协调能力,土地资源整理服务
8721,中国科学院测量与地球物理研究所,机架式服务器,协调能力,科研机构设备采购
8722,中国气象局上海物资管理处,探空仪实验室二期建设合同协议书,协调能力,气象科研设施建设
8723,中国科学院信息工程研究所,中国科学院信息工程研究所逻辑设备及仪器支架等配套,协调能力,科研机构设备采购
8724,东乡县政府办,东乡县电子政务网上审批及电子监察平台采购项目合同,协调能力,政务服务信息化建设
8725,中央电视台,2015年通用设备(四)新闻制播一部外录LED灯具,协调能力,公共媒体服务设备
8726,中国科学院信息工程研究所,中国科学院信息工程研究所KVM、网络交换机采购项目,协调能力,科研机构网络设备
8727,水利部水利信息中心,水利部水利信息中心2015年度国调楼部分楼层物业管理,协调能力,水利部门后勤保障
8728,兰州财经大学,兰州财经大学3s综合应用实验（实训）室建设项目（HT）,协调能力,高等教育实训建设
8729,天祝县发展和改革局,天祝县金强川风电场规划报告编制采购项目,协调能力,能源发展规划服务
8730,天祝县发展和改革局,天祝县易地扶贫搬迁实施规划编制项目,协调能力,扶贫规划服务
8731,甘肃省计量研究院,甘肃省计量研究院计量检测设备采购项目,协调能力,计量科研检测服务
8732,水利部水利信息中心,2014年度全国水文年鉴资料数据处理与校改项目,协调能力,水利信息数据服务
8733,静宁县经营管理站,静宁县农村土地承包经营权确权登记颁证项目二包,协调能力,农村土地管理服务
8734,黄埔海关驻长安办事处,小天鹅分体定速壁挂机,提取能力,海关办公设备采购
8735,天祝县华隆林场,天祝县华隆林场云杉定植苗询价采购合同,协调能力,林业苗木采购
8736,天水市第一人民医院,天水市第一人民医院电泳仪等设备采购项目,协调能力,公共医疗卫生服务
8737,渭源县残疾人联合会,渭源县残疾人联合会第二十五次"全国助残日"活动用品用具供货合同,协调能力,残疾人公共服务
8738,长江水利委员会水文局长江荆江水文水资源勘测局,中海达GPS仪器设备购销合同,协调能力,水利水文监测服务
8739,长江水利委员会水文局长江荆江水文水资源勘测局,净水处理机产品采购合同,协调能力,水利部门设备采购
8740,渭源县人民检察院,渭源县人民检察院检察委员会会议室投影机等设备供货合同,合规能力,检察院办公设备
8741,中国科学院理化技术研究所,高功率紫外激光光源,协调能力,科研机构设备研制
8742,嘉峪关市职教中心,政府采购供销合同,协调能力,职业教育采购
8743,天水市第一人民医院,天水市第一人民医院过敏原等设备采购项目供货合同,协调能力,公共医疗卫生服务
8744,国家测绘地理信息局第四航测遥感院,中央单位批量集中采购简易合同,协调能力,测绘地理信息服务
8745,长江水利委员会水文局长江荆江水文水资源勘测局,购变频器订货合同,协调能力,水利水文设备采购
8746,海南测绘地理信息局,中央单位批量集中采购简易合同,协调能力,测绘地理信息服务
8747,靖远县高湾乡教育管理中心,靖远县高湾乡教育管理中心乡村学校少年宫项目,协调能力,乡村教育服务
8748,中国人民银行南宁中心支行,桂银大厦客梯安装及旧电梯拆除合同,提取能力,人民银行设施建设
8749,天水市公安局,天水市公安局043工程通用设备采购项目,合规能力,公安装备采购
8750,长江水利委员会水文局长江荆江水文水资源勘测局,旋杯流速仪产品购销合同,协调能力,水利水文监测设备
8751,中国科学院理化技术研究所,理化技术研究所便携式计算机采购合同,协调能力,科研机构设备采购
8752,中华人民共和国惠州港海关,中央单位批量集中采购简易合同,提取能力,海关设备采购
8753,肃北县马鬃山镇政府,酒泉市肃北县马鬃山镇冬季集中供热锅炉用煤采购项目,协调能力,基层民生供暖服务
8754,国家体育总局体育器材装备中心,体育产业统计专项调查方案设计项目委托协议书,协调能力,体育产业统计服务
8755,漳县环保局,漳县2014年农村环境连片整治设备采购项目,协调能力,环境保护治理
8756,中国气象局公共气象服务中心,软件产品销售合同,协调能力,气象公共服务
8757,漳县体育运动中心,漳县体育运动中心省体育惠民工程安装灯光等设施设备采购项目供货合同,协调能力,体育公共服务
8758,长江水利委员会水文局长江荆江水文水资源勘测局,网康行为管理系统升级服务合同,协调能力,水利信息化服务
8759,国家测绘地理信息局第四航测遥感院,中央单位批量集中采购简易合同,协调能力,测绘地理信息服务
8760,嘉峪关市环境监测站,嘉峪关市环境监测站所需仪器设备政府采购项目询价采购合同,协调能力,环境监测服务
8761,中国人民银行南宁中心支行,广西钱币博物馆装修设计服务项目采购合同,提取能力,人民银行文化设施
8762,甘肃省工业和信息化委员会,甘肃省"十三五"工业和信息化发展规划等12个规划项目—甘肃省"十三五"消费品产业发展规划,协调能力,工业发展规划服务
8763,漳县体育运动中心,漳县体育运动中心体育馆看台座椅采购项目供货合同,协调能力,体育公共服务设施
8764,国家旅游局,委托设计搭建合同,协调能力,旅游公共服务
8765,天水市第一人民医院,天水市第一人民医院过敏原等设备采购项目供货合同,协调能力,公共医疗卫生服务
8766,肃北县交通运输局,酒泉市肃北县2016年通畅公路及养护维修工程设计采购项目,协调能力,交通基础设施服务
8767,西北民族大学,西北民族大学榆中校区地质灾害改造工程(二期)政府采购项目,协调能力,高等教育基础设施
8768,长江水利委员会水文局长江口水文水资源勘测局,长江委31处水文测站改建项目徐六泾水文站测船建造合同,协调能力,水利水文监测设施
8769,中国科学院理化技术研究所,理化技术研究所超流氦负压换热器实验平台合同,协调能力,科研实验平台建设
8770,中国人民政治协商会议甘肃省委员会,甘肃省党群机关软件正版化项目（第6包）,协调能力,政协信息化建设
8771,庄浪县云崖寺,庄浪县云崖寺景区盐场子开发附属工程亮化及相关服务项目合同,协调能力,文化旅游服务建设
8772,文县公安局,文县公安局中庙派出所二级分控系统建设采购项目,合规能力,公安监控系统建设
8773,交通运输部公路科学研究所,大型人工环境模拟实验系统,协调能力,交通科研设施建设
8774,中国科学院理化技术研究所,实验室压片机、双螺杆挤出机、实验室多层共挤流延膜机、实验室多层共挤吹膜机,协调能力,科研实验设备采购
8775,长江水利委员会水文局长江荆江水文水资源勘测局,购变频器订货合同,协调能力,水利水文设备采购
8776,国际竹藤中心,政府采购合同,协调能力,农林科研服务
8777,中国地质科学院矿产资源研究所,地质调查项目合同,协调能力,地质科研调查服务
8778,国家林业局北方航空护林总站,合同协议书,协调能力,林业航空护林服务
8779,武威第六中学,武威第六中学电教设备采购合同（二包）,协调能力,教育信息化设备
8780,天祝县祁连林场,天祝县祁连林场2014年三北防护林五期工程造林、封山育林和省级财政造林项目苗木和劳务采购,协调能力,三北防护林生态建设
8781,交通运输部公路科学研究所,步入式高低温环境箱、步入式盐雾酸雨环境箱采购,协调能力,交通科研设备采购
8782,长江水利委员会水文局长江荆江水文水资源勘测局,DGPS罗经产品购销合同,协调能力,水利水文监测设备
8783,凉州区农技中心,凉州区2015年冬小麦"一喷三防"农用物资政府采购合同,协调能力,农业技术服务
8784,国家测绘地理信息局第四航测遥感院,中央单位批量集中采购简易合同,协调能力,测绘地理信息服务
8785,司法部司法鉴定科学技术研究所,进口代理协议,合规能力,司法鉴定设备引进
8786,肃北县供热站,酒泉市肃北县供热站锅炉添加剂采购项目,协调能力,民生供暖服务
8787,水利部水利信息中心,省界断面水资源监测站网新建工程可研报告编制,协调能力,水利信息规划服务
8788,司法部司法鉴定科学技术研究所,委托招标代理合同,合规能力,司法鉴定采购服务
8789,正宁县红河演艺有限公司,庆阳市正宁县红河演艺有限公司设备采购项目合同,协调能力,文化演艺服务
8790,司法部司法鉴定科学技术研究所,液相色谱-串联质谱联用仪,合规能力,司法鉴定检测设备
8791,中国人民银行南宁中心支行,桂银大厦客梯采购合同,提取能力,人民银行设施采购
8792,肃北县农牧局,酒泉市肃北县牧农局办公楼改造装修工程,协调能力,农牧服务设施建设
8793,肃北县马鬃山镇人民政府,酒泉市肃北县马鬃山镇锅炉设备维修采购项目,协调能力,基层民生供暖服务
8794,清嘉高速公路收费管理所,酒泉市清嘉高速公路收费管理所清嘉所嘉峪关收费站柴油发电机更换采购项目成交公告,协调能力,交通服务设施维护
8795,长江水利委员会水文局长江荆江水文水资源勘测局,水准仪产品购销合同,协调能力,水利水文监测设备
8796,中央国家机关政府采购中心,中央单位批量集中采购简易合同,协调能力,政府通用采购服务
8797,国家测绘地理信息局第四航测遥感院,中央国家机关政府采购网上竞价合同,协调能力,测绘地理信息服务
8798,国家测绘地理信息局第四航测遥感院,中央国家机关政府采购网上竞价合同,协调能力,测绘地理信息服务
8799,河南省国家税务局,河南省国家税务局车购税自助办税终端项目供货协议,提取能力,税务自助办税设备
