序号,采购人,合同名称,分类,理由
4400,中国地质环境监测院,建设工程施工合同,协调能力,组织地质环境监测
4401,国家海洋局青岛海洋预报台,显示器合同,协调能力,组织海洋预报服务
4402,宁夏回族自治区新闻出版广电局,2015年中央广播电视节目无线数字化覆盖工程项目,协调能力,组织广播电视覆盖服务
4403,国家信息中心,投资项目在线审批监管平台一期工程中央平台项目合同,协调能力,组织信息服务
4404,黑龙江省新闻出版广电局,2015年中央广播电视节目无线数字化覆盖工程项目,协调能力,组织广播电视覆盖服务
4405,中华人民共和国汕尾出入境检验检疫局,中央单位批量集中采购简易合同,合规能力,增强检验检疫能力
4406,西藏自治区拉萨市国家税务局,西藏自治区建设工程施工合同,提取能力,增强税收办公能力
4407,国家海洋局青岛海洋预报台,空调挂机（批量）采购合同,协调能力,组织海洋预报服务
4408,中华人民共和国梅林海关,中央批量集中采购建议合同,合规能力,增强海关监管能力
4409,国家海洋局青岛海洋预报台,专用相机合同,协调能力,组织海洋预报服务
4410,国家测绘局地下管线勘测工程院,图形工作站采购项目,协调能力,组织测绘服务
4411,防城港市港口区国家税务局,港口区国家税务局物业管理服务及食堂外包劳务采购合同,提取能力,增强税收办公能力
4412,西藏自治区国家税务局,西藏自治区国家税务局机关办公区物业管理采购项目合同,提取能力,增强税收办公能力
4413,江苏省仪征市国家税务局,扬州市仪征市国税局便携式电脑采购项目合同,提取能力,增强税收办公能力
4414,中国科学院上海药物研究所,建发(上海)有限公司进口合同,协调能力,组织科研服务
4415,国家基础地理信息中心,国家测绘成果档案存储与服务设施项目总集成项目,协调能力,组织测绘档案服务
4416,中华人民共和国梅林海关,中央单位批量集中采购简易合同,合规能力,增强海关监管能力
4417,王彬,JKSimFlotSBF浮选模拟软件采购合同,协调能力,组织科研服务
4418,王彬,原子吸收光谱仪设备采购合同,协调能力,组织科研服务
4419,国家海洋局北海分局,水质传感器采购项目,协调能力,组织海洋监测服务
4420,国家海洋局北海分局,船舶测报仪采购合同,协调能力,组织海洋监测服务
4421,黑龙江省新闻出版广电局,2015年中央广播电视节目无线数字化覆盖工程项目,协调能力,组织广播电视覆盖服务
4422,黑河水资源与生态保护研究中心,中央单位批量集中采购简易合同,协调能力,组织水资源保护
4423,中国地质环境监测院,西峰寺科研基地基础设施及节能改造工程项目一一生活污水处理工程,协调能力,组织地质环境监测
4424,交通运输部东海救助局,东海救助局华英艇空调改造项目,协调能力,组织海上救助服务
4425,松辽水利委员会察尔森水库管理局,工程建设委托合同,协调能力,组织水库管理
4426,中国科学院上海药物研究所,建发（上海）有限公司进口合同,协调能力,组织科研服务
4427,防城港市港口区国家税务局,防城港市港口区国家税务局综合业务办公用房维修工程施工合同,提取能力,增强税收办公能力
4428,国家海洋局南海预报中心,国家海洋局南海预报中心工作站网上竞价合同,协调能力,组织海洋预报服务
4429,山东省济南市国家税务局,监理采购政府采购合同,提取能力,增强税务工程监理
4430,内蒙古自治区税务干部学校,内蒙古自治区税务干部学校廉政教育基地定制采购项目采购合同,提取能力,增强税务培训能力
4431,国家海洋局青岛海洋预报台,空调柜机采购合同,协调能力,组织海洋预报服务
4432,福建省新闻出版广电局,地面数字电视广播发射系统,协调能力,组织广播电视覆盖服务
4433,国家测绘局地下管线勘测工程院,图形工作站采购,协调能力,组织测绘服务
4434,国家海洋局南海预报中心,国家海洋局南海预报中心隔离网闸网上竞价合同,协调能力,组织海洋预报服务
4435,中国地质环境监测院,技术服务合同（含技术培训、技术中介）,协调能力,组织地质环境监测
4436,国家海洋局青岛海洋预报台,监控系统采购合同,协调能力,组织海洋预报服务
4437,江苏省仪征市国家税务局,扬州市仪征市国税局三星（3710）打印机采购项目合同,提取能力,增强税收办公能力
4438,中国人民银行,中国人民银行华为波分设备维保服务采购项目采购合同,提取能力,增强金融服务能力
4439,上哈市嘉定区国家税务局,上海市嘉定区税务局物业管理服务,提取能力,增强税收办公能力
4440,新疆维吾尔自治区墨玉县国家税务局,国税系统批量集中采购合同,提取能力,增强税收办公能力
4441,国家海洋局北海分局,通量观测系统采购合同,协调能力,组织海洋监测服务
4442,中国农业电影电视中心,中国农业电影电视中心影视资料数字化服务项目,协调能力,组织农业传媒服务
4443,陕西测绘地理信息局,中央单位批量集中采购简易合同,协调能力,组织测绘服务
4444,无供应商,遵义市公安局机关大院道路修缮及改造项目施工合同,合规能力,增强公安办公能力
4445,山东省济南市国家税务局,山东省济南市国家税务局数字声像档案系统采购合同,提取能力,增强税务档案管理
4446,国家测绘局地下管线勘测工程院,绘图仪设备采购,协调能力,组织测绘服务
4447,国家海洋局青岛海洋预报台,便携式工作站采购合同,协调能力,组织海洋预报服务
4448,中国人民银行,中国人民银行2015年赛门铁克防病毒管理系统技术支持服务采购项目采购合同,提取能力,增强金融信息安全
4449,国家海洋局青岛海洋预报台,实验室类仪器设备合同,协调能力,组织海洋预报服务
4450,山东省济南市国家税务局,山东省济南市国家税务局综合业务用房空调采购合同,提取能力,增强税收办公能力
4451,中央国家机关政府采购中心,台式计算机批量采购简易合同,协调能力,组织政府采购服务
4452,国家信息中心,投资项目在线审批监管平台一期工程监理项目技术服务合同,协调能力,组织信息服务
4453,松辽水利委员会察尔森水库管理局,工程施工监理合同,协调能力,组织水库管理
4454,陕西测绘地理信息局,中央单位批量集中采购简易合同,协调能力,组织测绘服务
4455,中国人民银行,中国人民银行东方通软件技术服务采购项目采购合同,提取能力,增强金融服务能力
4456,陕西测绘地理信息局,中央单位批量集中采购简易合同,协调能力,组织测绘服务
4457,国家海洋局青岛海洋预报台,空调挂机（批量）采购合同,协调能力,组织海洋预报服务
4458,西藏自治区国家税务局,西藏自治区国家税务局服务器虚拟化项目（二期）采购合同,提取能力,增强税务信息化能力
4459,交通运输部东海救助局,东海救助局华英393艇主机改造,协调能力,组织海上救助服务
4460,国家海洋局北海分局,剖面海流计采购合同,协调能力,组织海洋监测服务
4461,国家海洋局青岛海洋预报台,便携式工作站采购合同,协调能力,组织海洋预报服务
4462,江苏省宜兴市国家税务局,建设工程施工合同,提取能力,增强税收办公能力
4463,黑河水资源与生态保护研究中心,中央单位批量集中采购简易合同,协调能力,组织水资源保护
4464,中国人民银行,中国人民银行HDS高端磁盘阵列扩容（第二包）采购项目采购合同,提取能力,增强金融服务能力
4465,陕西测绘地理信息局,中央单位批量集中采购简易合同,协调能力,组织测绘服务
4466,国家海洋局青岛海洋预报台,船舶测报仪配件采购合同,协调能力,组织海洋预报服务
4467,中国人民银行,中国人民银行钞票清分处理设备及联机自动封包设备采购合同,提取能力,增强货币发行能力
4468,长江水利委员会水文局,中央国家机关政府采购网上竞价合同,协调能力,组织水文监测服务
4469,中央电视台,第十二、十三、十四演播室群高清改造（二）音频部分,协调能力,组织公共传媒服务
4470,长江水利委员会,工程规划涉及合同,协调能力,组织水利规划
4471,中国人民银行,中国人民银行金融信息中心数据中心机房强电配电系统、UPS系统以及弱电系统维保及技术支持服务采购合同,提取能力,增强金融服务能力
4472,全国人大机关服务中心,保安服务,协调能力,组织政府服务
4473,中国地质调查局水文地质环境地质调查中心,JC400压裂机购销合同,协调能力,组织地质调查服务
4474,河南新乡高新技术产业园区国家税务局,河南新乡高新技术产业园区国家税务局改造项目维修改造合同,提取能力,增强税收办公能力
4475,山东省青州市国家税务局,中央空调设备及安装合同,提取能力,增强税收办公能力
4476,国家海洋局青岛海洋预报台,便携式工作站采购合同,协调能力,组织海洋预报服务
4477,甘肃省张掖公路管理局临泽公路管理段,甘肃省张掖公路管理局临泽公路管理段2吨燃煤数控锅炉政府采购项目,协调能力,组织公路管理
4478,白银市平川区共和镇人民政府,白银市平川区共和镇人民政府项目所需太阳能路灯询价采购合同,协调能力,组织乡村建设
4479,河北省新闻出版广电局,2015年中央广播电视节目无线数字化覆盖工程项目,协调能力,组织广播电视覆盖服务
4480,靖远县永新乡人民政府,靖远县永新乡土地整理补助面粉,协调能力,组织乡村扶贫
4481,松辽水利委员会察尔森水库管理局,船舶建造施工合同,协调能力,组织水库管理
4482,国家信息中心,云计算环境安全检测工具开发合同,协调能力,组织信息安全服务
4483,中国人民银行,中国人民银行电子签章软件技术支持服务采购项目采购合同,提取能力,增强金融服务能力
4484,松辽水利委员会察尔森水库管理局,招标代理合同,协调能力,组织水库管理
4485,国家测绘地理信息局第二地形测量队,中央国家机关政府采购网上竞价合同,协调能力,组织测绘服务
4486,山东省济南市国家税务局,山东省济南市国家税务局增值税发票大数据分析监控平台系统技术开发合同,提取能力,增强税务监控能力
4487,国家海洋局北海分局,元素分析仪采购合同,协调能力,组织海洋监测服务
4488,国家海洋局青岛海洋预报台,台站观测系统配件采购合同,协调能力,组织海洋预报服务
4489,国家海洋局南海预报中心,国家海洋局南海预报中心会商区升级改造项目施工合同,协调能力,组织海洋预报服务
4490,国家测绘局地下管线勘测工程院,管线棎测仪采购,协调能力,组织测绘服务
4491,涟源市国家税务局,建设工程施工合同,提取能力,增强税收办公能力
4492,国家海洋局南海预报中心,国家海洋局南海预报中心浮标网上竞价合同,协调能力,组织海洋预报服务
4493,山东省济南市国家税务局,装饰设计合同书,提取能力,增强税收办公能力
4494,中国人民银行,中国人民银行2015-2016年货币发行业务会计核算凭证印制服务采购合同,提取能力,增强货币发行能力
4495,中国福利彩票发行管理中心,"刮刮乐"十周年营销活动项目采购合同,协调能力,组织福利彩票服务
4496,娄底市娄星区国家税务局,政府采购合同协议书,提取能力,增强税收办公能力
4497,华北科技学院,华北科技学院四六级标准化考场建设,协调能力,组织高等教育服务
4498,西藏自治区拉萨市国家税务局,西藏自治区建设工程施工合同,提取能力,增强税收办公能力
4499,中国人民银行,中国人民银行互联网机架式漏洞扫描产品采购项目采购合同,提取能力,增强金融信息安全
4500,山东省济南市国家税务局,山东省济南市国家税务局行政办公网改版和驻场运维服务,提取能力,增强税务信息化能力
4501,中国银行业监督管理委员会哈密监管分局,便携式计算机采购,合规能力,增强银行监管能力
4502,宁夏回族自治区新闻出版广电局,2015年中央广播电视节目无线数字化覆盖工程项目,协调能力,组织广播电视覆盖服务
4503,江苏省仪征市国家税务局,扬州市仪征市国税局三星（3825）打印机采购项目,提取能力,增强税收办公能力
4504,中国人民银行,中国人民银行蓝代斯克补丁分发管理系统技术支持服务采购项目采购合同,提取能力,增强金融服务能力
4505,国家海洋局青岛海洋预报台,网络安全设备及软件采购合同,协调能力,组织海洋预报服务
4506,中国人民银行,中国人民银行数据中心机房水循环系统、空调系统、通风系统及装修装饰维保及技术支持服务采购项目采购合同,提取能力,增强金融服务能力
4507,国家海洋局北海分局,颗粒物连续监测仪采购合同,协调能力,组织海洋监测服务
4508,漳卫南运河水利工程建设管理局,水利工程勘察合同,协调能力,组织水利建设
4509,张掖市教育局,张掖市教育局实践基地实训楼场馆设备购置政府采购项目,协调能力,组织教育服务
4510,国家海洋局青岛海洋预报台,照相机及摄像机采购合同,协调能力,组织海洋预报服务
4511,西藏自治区拉萨市国家税务局,采购合同,提取能力,增强税收办公能力
4512,国家海洋局北海分局,等离子体质谱仪采购合同,协调能力,组织海洋监测服务
4513,中央电视台,第十七、十八、十九演播室群高清改造（二）音频部分,协调能力,组织公共传媒服务
4514,中国人民银行,中国人民银行华三核心设备维保服务采购项目采购合同,提取能力,增强金融服务能力
4515,国家海洋局北海分局,浮标配件采购合同,协调能力,组织海洋监测服务
4516,国家信息中心,国家信息中心信息大厦A座第四、六、八层装修改造合同,协调能力,组织信息服务
4517,国家测绘局地下管线勘测工程院,绘图仪设备采购合同,协调能力,组织测绘服务
4518,中国人民银行,中国人民银行WEB全流量镜像分析系统采购合同,提取能力,增强金融服务能力
4519,中国人民银行,中国人民银行思科核心设备维保服务采购项目采购合同,提取能力,增强金融服务能力
4520,新疆维吾尔自治区墨玉县国家税务局,国税系统批量集中采购合同,提取能力,增强税收办公能力
4521,内蒙古自治区税务干部学校,内蒙古自治区税务干部学校《蓝色高原》杂志印刷项目采购合同,提取能力,增强税务培训能力
4522,国家海洋局北海分局,营养盐传感器合同,协调能力,组织海洋监测服务
4523,南四湖水利管理局上级湖水利管理局,南四湖湖东堤堤顶路及路沿石应急维修工程施工承包合同,协调能力,组织水利管理
4524,中国疾病预防控制中心病毒病预防控制所,BSL-3实验室运行维修维护合同,协调能力,组织疾病预防控制
4525,中国银行业监督管理委员会哈密监管分局,打印机采购合同,合规能力,增强银行监管能力
4526,国家海洋局青岛海洋预报台,工作站采购合同,协调能力,组织海洋预报服务
4527,南四湖水利管理局韩庄运河水利管理局,伊家河右堤桩号19+900-23+180堤顶路水毁应急修复工程施工合同,协调能力,组织水利管理
4528,中国人民银行,中国人民银行图书馆网站设备更新采购合同,提取能力,增强金融服务能力
4529,内蒙古自治区呼和浩特市玉泉区国家税务局,内蒙古自治区呼和浩特市玉泉区国家税务局办公家具采购项目合同,提取能力,增强税收办公能力
4530,国家海洋局汕尾海洋环境监测中心站,海况视频监控系统采购合同,协调能力,组织海洋环境监测
4531,中国人民银行,中国人民银行赛门铁克软件现场技术支持服务采购项目采购合同,提取能力,增强金融服务能力
4532,黑龙江省新闻出版广电局,2015年中央广播电视节目无线数字化覆盖工程项目,协调能力,组织广播电视覆盖服务
4533,国家海洋局南海预报中心,国家海洋局南海预报中心磁盘阵列采购合同,协调能力,组织海洋预报服务
4534,国家海洋局青岛海洋预报台,存储扩容采购合同,协调能力,组织海洋预报服务
4535,国家海洋局汕尾海洋环境监测中心站,服务器及数据迁移服务采购合同,协调能力,组织海洋环境监测
4536,国家海洋局青岛海洋预报台,档案盒打印机采购合同,协调能力,组织海洋预报服务
4537,国家测绘局地下管线勘测工程院,图形工作站采购项目,协调能力,组织测绘服务
4538,西安市国家税务局,西安市国家税务局餐饮服务合同,提取能力,增强税收办公能力
4539,国家海洋局汕尾海洋环境监测中心站,汽油发电机等网上竞价合同,协调能力,组织海洋环境监测
4540,中国海监东海航空支队,陀螺稳定拍摄平台,合规能力,增强海洋执法能力
4541,中国人民银行,中国人民银行2014年飞康CDP维保服务采购项目采购合同,提取能力,增强金融服务能力
4542,无供应商,贵州省财政厅门户网站升级改版采购合同,提取能力,增强财政信息化能力
4543,国家海洋局北海分局,剖面海流计采购合同,协调能力,组织海洋监测服务
4544,国家图书馆,国家图书馆印刷机采购合同,协调能力,组织图书馆服务
4545,国家海洋局青岛海洋预报台,存储阵列采购合同,协调能力,组织海洋预报服务
4546,国家海洋局汕尾海洋环境监测中心站,国家海洋局汕尾海洋环境监测中心站测量工程合同,协调能力,组织海洋环境监测
4547,西藏自治区拉萨市国家税务局,拉萨市国税局音响设备采购合同,提取能力,增强税收办公能力
4548,西藏自治区拉萨市国家税务局,西藏区拉萨市申报表印刷服务采购合同,提取能力,增强税收办公能力
4549,国家海洋局北海分局,中型浮标观测系统采购合同,协调能力,组织海洋监测服务
4550,南四湖水利管理局上级湖水利管理局,南四湖湖东堤堤顶路及路沿石应急维修工程施工承包合同,协调能力,组织水利管理
4551,中国疾病预防控制中心病毒病预防控制所,政府采购合同,协调能力,组织疾病预防控制
4552,广河县IFAD/GEF农村综合发展项目办公室,广河县2015年IFAD/GEF旱地生态保护与恢复项目铁丝围栏工程建设,协调能力,组织农村发展
4553,国家海洋局青岛海洋预报台,工作站采购合同,协调能力,组织海洋预报服务
4554,国家林业局森林公安局,森林公安档案管理信息系统项目技术开发合同,合规能力,增强森林公安执法能力
4555,国家海洋局青岛海洋预报台,一体机采购合同,协调能力,组织海洋预报服务
4556,国家海洋局南海预报中心,国家海洋局南海预报中心工作站网上竞价合同,协调能力,组织海洋预报服务
4557,中国人民银行,中国人民银行中档光纤交换机采购项目采购合同,提取能力,增强金融服务能力
4558,国家海洋局南海预报中心,国家海洋局南海预报中心工作站采购合同,协调能力,组织海洋预报服务
4559,内蒙古自治区税务干部学校,内蒙古自治区税务干部学校车辆租赁服务项目合同,提取能力,增强税务培训能力
4560,菏泽黄河河务局牡丹黄河河务局,牡丹黄河河务局供货合同书,协调能力,组织水利管理
4561,河北省新闻出版广电局,2015年中央广播电视节目无线数字化覆盖工程项目地面数字电视广播发射系统,协调能力,组织广播电视覆盖服务
4562,国家海洋局北海分局,微波消解仪采购合同,协调能力,组织海洋监测服务
4563,浙江省新闻出版广电局（省版权局）,2015年中央广播电视节目无线数字化覆盖工程项目地面数字电视广播发射系统,协调能力,组织广播电视覆盖服务
4564,中国科学院上海药物研究所,建发（上海）有限公司进口合同,协调能力,组织科研服务
4565,中国人民银行,中国人民银行总行数据中心机房高压配电室变配电基础设施维保服务采购项目合同,提取能力,增强金融服务能力
4566,国家海洋局北海分局,营养盐传感器采购合同,协调能力,组织海洋监测服务
4567,国家海洋局南海预报中心,国家海洋局南海预报中心刀片服务器采购合同,协调能力,组织海洋预报服务
4568,全国人大机关服务中心,全国人大机关机关人民来访接待室物业管理,协调能力,组织政府服务
4569,山南地区国家税务局,西藏山南国家税务局地暖采购合同,提取能力,增强税收办公能力
4570,国家海洋局青岛海洋预报台,视频监控设备采购合同,协调能力,组织海洋预报服务
4571,国家海洋局青岛海洋预报台,数据采集系统采购合同,协调能力,组织海洋预报服务
4572,西藏自治区国家税务局,西藏自治区国税局复印纸、硒鼓采购合同,提取能力,增强税收办公能力
4573,国家海洋局南海预报中心,国家海洋局南海预报中心塔式服务器采购合同,协调能力,组织海洋预报服务
4574,国家海洋局北海分局,台站观测系统采购合同,协调能力,组织海洋监测服务
4575,江苏省仪征市国家税务局,扬州市仪征市国税局存折打印机采购,提取能力,增强税收办公能力
4576,中国人民银行,中国人民银行HDS高端磁盘阵列扩容（第一包）采购项目采购合同,提取能力,增强金融服务能力
4577,宁夏回族自治区新闻出版广电局,2015年中央广播电视节目无线数字化覆盖工程项目,协调能力,组织广播电视覆盖服务
4578,山东省滨州市市区国家税务局,山东省滨州市市区国税局便携式计算机国税系统批量集中采购合同,提取能力,增强税收办公能力
4579,国家气象信息中心,政府集中采购合同（网上竞价）,协调能力,组织气象信息服务
4580,中国人民银行,中国人民银行小型机、存储设备维保和技术支持服务采购项目采购合同,提取能力,增强金融服务能力
4581,中国交响乐团,空调批量采购合同,协调能力,组织文化艺术服务
4582,永昌县环境保护局,永昌县生态环境保护规划编制采购项目,协调能力,组织环境保护
4583,国家海洋局汕尾海洋环境监测中心站,海洋环境预报发布系统采购网上竞价合同,协调能力,组织海洋环境监测
4584,上海市闵行区税务局,上海市闵行区国家税务局2015年度（第一年）食堂委托管理合同,提取能力,增强税收办公能力
4585,无供应商,采购合同,协调能力,组织政府采购
4586,国家海洋局汕尾海洋环境监测中心站,博世会议管理系统网上竞价合同,协调能力,组织海洋环境监测
4587,国家图书馆,国家图书馆进口西文图书采购合同（2015）,协调能力,组织图书馆服务
4588,国家卫星气象中心,风云四号科研试验卫星地面应用系统工程数据获取和测控系统（DTS）数据广播上行站建设项目技术开发合同,协调能力,组织气象卫星服务
4589,国家气象信息中心,政府集中采购合同（网上竞价）,协调能力,组织气象信息服务
4590,重庆市国家税务局,重庆市国家税务局税务皮带、皮鞋采购项目,提取能力,增强税收办公能力
4591,重庆市国家税务局,重庆市国家税务局存储设备采购项目,提取能力,增强税务信息化能力
4592,中国药科大学,中国药科大学江宁校区第一食堂一、二楼维修改造工程合同,协调能力,组织高等教育服务
4593,重庆市国家税务局信息安全服务外包项目,重庆市国家税务局信心安全服务外包,提取能力,增强税务信息安全
4594,长江水利委员会,工程规划设计合同,协调能力,组织水利规划
4595,西藏自治区拉萨市国家税务局,拉萨国税办公家具采购合同,提取能力,增强税收办公能力
4596,黄河河口管理局垦利黄河河务局,中央单位批量集中采购简易合同,协调能力,组织水利管理
4597,西藏自治区山南地区国家税务局,山南地区国家税务局物业管理项目采购项目,提取能力,增强税收办公能力
4598,中国科学院广州地球化学研究所,中国科学院广州地球化学研究所台式式计算机采购项,协调能力,组织科研服务
4599,河北省唐山市丰南区国税局,河北省唐山市丰南区国税局2015年1季度台式计算机批量集中采购合同,提取能力,增强税收办公能力
