序号,采购人,合同名称,分类,理由
1800,吉林省国家税务局,吉林公主岭经济开发区国家税务局自助办税终端设备采购项目,提取能力,增强税收征管能力
1801,福建省仙游县国家税务局,仙游县国家税务局传真机协议供货合同,提取能力,增强税收征管能力
1802,福建省仙游县国家税务局,福建省仙游县国家税务局扫描仪协议供货合同,提取能力,增强税收征管能力
1803,景泰县民安供热有限公司,白银市景泰县民安供热有限公司2015至2016年度城区集中供暖燃煤采购项目,协调能力,组织公共供暖服务
1804,山东黄河河务局山东黄河医院,中央单位批量集中采购简易合同,协调能力,组织公共医疗服务
1805,山东黄河河务局山东黄河医院,中央单位批量集中采购简易合同,协调能力,组织公共医疗服务
1806,中华人民共和国深圳海关,深圳海关2015年新招录公务员集体宿舍电视配置项目合同,合规能力,增强海关查验能力
1807,国家税务总局,吉林省通化市国家税务局2015年1季度服务器协议供货,提取能力,增强税收征管能力
1808,国家税务总局,吉林省通化市国家税务局稽查局2015年2季度便携式计算机批量,提取能力,增强税收征管能力
1809,国家新闻出版广电总局监管中心,国家新闻出版广电总局监管中心数字电视监管平台系统维护项目,合规能力,增强广电监管能力
1810,厦门市国家税务局车辆购置税征收管理分局,国税系统办公设备类产品协议供货合同,提取能力,增强税收征管能力
1811,国家税务总局,吉林省通化市国家税务局稽查局2015年2季度A3彩色复印机,提取能力,增强税收征管能力
1812,中国银行业监督管理委员会,银监会核心及中端路由器项目政府采购合同,合规能力,增强金融监管能力
1813,汪清县国家税务局,吉林省延边州汪清县国家税务局一体机采购合同,提取能力,增强税收征管能力
1814,国家税务总局,吉林省通化市国家税务局机关2015年2季度便携式计算机批量,提取能力,增强税收征管能力
1815,国家新闻出版广电总局监管中心,国家新闻出版广电总局监管中心无线模拟广播电视监测前端备件第一包,合规能力,增强广电监管能力
1816,山东黄河河务局山东黄河医院,中央单位批量集中采购简易合同,协调能力,组织公共医疗服务
1817,山东黄河河务局山东黄河医院,中央单位批量集中采购简易合同,协调能力,组织公共医疗服务
1818,白山市政府采购中心,吉林省白山市国税局采购电子公文彩色打印机合同,提取能力,增强税收征管能力
1819,国家税务总局,吉林省通化市国家税务局2015年3季度空调协议供货,提取能力,增强税收征管能力
1820,中华人民共和国深圳海关,金关二期深圳海关信息中心机房机柜空间扩容改造项目合同,合规能力,增强海关数据处理
1821,中国银行业监督管理委员会泰州监管分局,中国银行业监督管理委员会泰州监管分局打印机采购合同,合规能力,增强金融监管能力
1822,天津市金色思想科技发展有限公司,中央国家机关政府采购网上竞价合同,协调能力,组织科技服务
1823,蒲城县国家税务局,陕西省渭南市蒲城县国家税务局城区税务分局综合业务办公用房维修改造项目施工合同,提取能力,增强税收征管能力
1824,国土资源部信息中心,《国土资源部业务应用服务开发与运行管理系统和客户服务管理系统建设及标准规范制定》项目合同书,提取能力,采集国土资源数据
1825,珲春市国家税务局,吉林省延边州珲春市国家税务局打印机批量采购,提取能力,增强税收征管能力
1826,渭南市临渭区国家税务局,陕西省渭南市临渭区国家税务局桥南税务分局办公用房维修项目,提取能力,增强税收征管能力
1827,国家税务总局,吉林省通化市国家税务局稽查局2015年2季度台式计算机批量,提取能力,增强税收征管能力
1828,舟曲县财政局,舟曲县2015年贫困村一事一议太阳能路灯购置及安装合同,协调能力,组织农村基础设施
1829,山东黄河河务局山东黄河医院,中央单位批量集中采购简易合同,协调能力,组织公共医疗服务
1830,中华人民共和国哈尔滨海关,中央单位批量集中采购简易合同,合规能力,增强海关查验能力
1831,桂阳县国家税务局,桂阳县国家税务局机关大院后山维修工程,提取能力,增强税收征管能力
1832,山东黄河河务局山东黄河医院,中央单位批量集中采购简易合同,协调能力,组织公共医疗服务
1833,国家税务总局,吉林省通化市国家税务局机关2015年3月扫描仪协议供货,提取能力,增强税收征管能力
1834,山东黄河河务局山东黄河医院,中央单位批量集中采购简易合同,协调能力,组织公共医疗服务
1835,国家税务总局,吉林省通化市国家税务局机关2015年3季度台式计算机批量,提取能力,增强税收征管能力
1836,深圳海关,深圳海关金关二期物联网试点(查验作业流程监控平台系统)项目合同,合规能力,增强海关查验能力
1837,汪清县国家税务局,吉林省延边州汪清县国家税务传真机协议采购合同,提取能力,增强税收征管能力
1838,国家税务总局,吉林省通化市国家税务局稽查局2015年2季度复印机批量,提取能力,增强税收征管能力
1839,北京市大兴区文化委员会,基层文化活动室装修改造项目政府采购合同,协调能力,组织公共文化服务
1840,国土资源部信息中心,中央国家机关政府集中采购电子验收单,提取能力,采集国土资源数据
1841,国家税务总局,吉林省通化市国家税务局2015年3月多功能一体机协议供货,提取能力,增强税收征管能力
1842,山东黄河河务局山东黄河医院,中央单位批量集中采购简易合同,协调能力,组织公共医疗服务
1843,国家税务总局,吉林省通化市国家税务局机关2015年2季度台式计算机批量,提取能力,增强税收征管能力
1844,国家税务总局,通化市国家税务局机关2015年2季度A3激光黑白双面打印机批量采购,提取能力,增强税收征管能力
1845,四平市国家税务局中央路税务分局,四平市国家税务局中央路税务分局自助办税终端设备采购项目,提取能力,增强税收征管能力
1846,国土资源部信息中心,服务搜索与为民服务平台建设项目合同书,协调能力,组织国土资源服务
1847,吉林省通化市国家税务局,吉林省通化市国家税务局2015年3季度便携式计算机批量,提取能力,增强税收征管能力
1848,渭南市临渭区国家税务局,陕西省建设工程施工合同,提取能力,增强税收征管能力
1849,国家海洋局海岛研究中心,配备500吨级近岸海洋环境监测船监理合同,提取能力,采集海洋监测数据
1850,国家新闻出版广电总局监管中心,国家新闻出版广电总局监管中心无线模拟广播电视监测前端备件第二包,合规能力,增强广电监管能力
1851,汪清县国家税务局,吉林省延边州汪清县国家税务局扫描仪采购合同,提取能力,增强税收征管能力
1852,国家新闻出版广电总局监管中心,国家新闻出版广电总局监管中心安播监测系统维护,合规能力,增强广电监管能力
1853,国家税务总局,吉林省通化市国家税务局机关2015年2季度A4激光黑白打印机批量,提取能力,增强税收征管能力
1854,江苏省常州市国家税务局,江苏省常州市国家税务局办税厅网络音视频监控系统建设采购项目,提取能力,增强税收征管能力
1855,国土资源部信息中心,《不动产登记信息管理基础平台一期建设》项目合同书,提取能力,采集不动产登记数据
1856,国家税务总局,吉林省通化市国家税务局2015年9月多功能一体机协议供货,提取能力,增强税收征管能力
1857,吉林省通化市国家税务局,吉林省通化市国家税务局机关2015年3季度便携式计算机批量,提取能力,增强税收征管能力
1858,中国煤炭地质总局,中国煤炭地质总局2015年度中央财政地勘能力建设专项-三维地质雷达系统项目采购合同,提取能力,采集地质调查数据
1859,中国测绘科学研究院,中央国家机关政府集中采购电子验收单,提取能力,采集测绘科学数据
1860,水利部产品质量标准研究所,水利机械纳米激光增强增韧试验设备主机（进口部分）采购合同的补充协议,协调能力,组织水利科学研究
1861,中国测绘科学研究院,中央国家机关政府网上竞价合同,提取能力,采集测绘科学数据
1862,水利部产品质量标准研究所,纳米高强高韧材料临界熔喷试验设备主机采购合同,协调能力,组织水利科学研究
1863,厦门出入境检验检疫局,服务器机房维保服务合同书,合规能力,增强检验检疫能力
1864,国家统计局阳泉调查队,台式电脑批量采购,提取能力,采集统计调查数据
1865,上海科技大学,上海科技大学X射线光电子能谱仪,协调能力,组织高等教育服务
1866,中国测绘科学研究院,中央国家机关政府网上竞价合同,提取能力,采集测绘科学数据
1867,中国测绘科学研究院,中央国家机关政府网上竞价合同,提取能力,采集测绘科学数据
1868,中国测绘科学研究院,中央国家机关政府网上竞价合同,提取能力,采集测绘科学数据
1869,中国测绘科学研究院,中国测绘科学研究院移动工作站、U盘采购项目网上竞价合同,提取能力,采集测绘科学数据
1870,中国测绘科学研究院,中央国家机关政府集中采购电子验收单,提取能力,采集测绘科学数据
1871,中央电视台,ENG电池及充电器,协调能力,组织广播电视服务
1872,国家海洋局北海监测中心,智能型鞋套机,提取能力,采集海洋监测数据
1873,中国测绘科学研究院,中央国家机关政府网上竞价合同,提取能力,采集测绘科学数据
1874,辽源市国家税务局,国税系统批量集中采购合同,提取能力,增强税收征管能力
1875,国家海洋局北海监测中心,机房数据库与网络安全审计管理系统,提取能力,采集海洋监测数据
1876,国家基础地理信息中心,国家基础地理信息中心大幅面绘图仪采购项目合同,提取能力,采集地理信息数据
1877,中国测绘科学研究院,中国测绘科学研究院移动工作站、显卡、移动硬盘等采购项目网上竞价合同,提取能力,采集测绘科学数据
1878,中华人民共和国揭阳出入境检验检疫局,中央单位批量集中采购简易合同,合规能力,增强检验检疫能力
1879,国家税务总局,吉林省通化市国家税务局机关2015年9月投影仪幕布协议供货,提取能力,增强税收征管能力
1880,国家税务总局,税务总局提供审计数据相关设备配备项目合同,提取能力,增强税务审计能力
1881,国家海洋局北海监测中心,COD自动消解装置,提取能力,采集海洋监测数据
1882,中国测绘科学研究院,中国测绘科学研究院移动工作站采购项目网上竞价合同,提取能力,采集测绘科学数据
1883,深圳市国家税务局,深圳市国家税务局虚拟带库采购项目合同,提取能力,增强税收征管能力
1884,水利部产品质量标准研究所,水利机械纳米激光增强增韧试验设备主机(进口部分)采购合同,协调能力,组织水利科学研究
1885,国家海洋局北海环境监测中心,便携式计算机,提取能力,采集海洋监测数据
1886,梅河口市国家税务局,吉林省通化市梅河口市国税局15年3季度服务器协议供货采购,提取能力,增强税收征管能力
1887,吉林省国家税务局,吉林省国家税务招聘劳务派遣公司单一来源采购,提取能力,增强税收征管能力
1888,中国测绘科学研究院,中央国家机关政府网上竞价合同,提取能力,采集测绘科学数据
1889,湖北省国家税务局,湖北省国家税务局网上申报系统用负载均衡设备采购合同,提取能力,增强税收征管能力
1890,中国测绘科学研究院,中央国家机关政府网上竞价合同,提取能力,采集测绘科学数据
1891,国家海洋局北海环境监测中心,空调,提取能力,采集海洋监测数据
1892,中国测绘科学研究院,中央国家机关政府网上竞价合同,提取能力,采集测绘科学数据
1893,张掖市国土资源局甘州区分局,张掖市甘州区第三轮矿产资源总体规划编制政府采购项目,提取能力,采集矿产资源数据
1894,国家新闻出版广电总局监管中心,国家新闻出版广电总局监管中心无线模拟广播电视监测前端备件第三包,合规能力,增强广电监管能力
1895,水利部产品质量标准研究所,水利机械纳米激光增强增韧试验设备配套回转台《采购合同》的补充合同,协调能力,组织水利科学研究
1896,中国测绘科学研究院,中央国家机关政府集中采购电子验收单,提取能力,采集测绘科学数据
1897,国家海洋局北海监测中心,防火墙和入侵防御系统,提取能力,采集海洋监测数据
1898,宜昌市国家税务局采购中心,宜昌市国家税务局设备管理服务采购合同书,提取能力,增强税收征管能力
1899,深圳市国家税务局,深圳市国家税务局存储维保服务项目合同,提取能力,增强税收征管能力
1900,中国测绘科学研究院,中央国家机关政府集中采购电子验收单,提取能力,采集测绘科学数据
1901,国家海洋局北海监测中心,照相机除湿机,提取能力,采集海洋监测数据
1902,中华人民共和国锦州海关,锦州海关职工食堂维修改造工程,合规能力,增强海关查验能力
1903,国家海洋局北海监测中心,防爆冰箱,提取能力,采集海洋监测数据
1904,国家海洋局北海监测中心,空调,提取能力,采集海洋监测数据
1905,中国测绘科学研究院,中央国家机关政府网上竞价采购合同,提取能力,采集测绘科学数据
1906,厦门出入境检验检疫局,趋势网络防毒版升级服务采购合同,合规能力,增强检验检疫能力
1907,中国测绘科学研究院,中央国家机关政府集中采购电子验收单,提取能力,采集测绘科学数据
1908,中国测绘科学研究院,中央国家机关政府网上竞价合同,提取能力,采集测绘科学数据
1909,水利部产品质量标准研究所,水利机械纳米激光增强增韧试验设备主机(国产部分)采购合同,协调能力,组织水利科学研究
1910,贺州市平桂管理区国家税务局,国税系统批量集中采购合同,提取能力,增强税收征管能力
1911,水利部产品质量标准研究所,水利机械纳米激光增强增韧试验设备配套机器人（国产部分）采购合同,协调能力,组织水利科学研究
1912,中国测绘科学研究院,中央国家机关政府网上竞价合同,提取能力,采集测绘科学数据
1913,中华人民共和国哈尔滨海关,中央单位批量集中采购简易合同,合规能力,增强海关查验能力
1914,国家海洋局东海分局,配备500吨级近岸海洋环境监测船,提取能力,采集海洋监测数据
1915,中国测绘科学研究院和四川省遥感信息测绘院,SAR测图监测无人机系统采购合同,提取能力,采集测绘遥感数据
1916,上海科技大学,上海科技大学透射电子显微镜,协调能力,组织高等教育服务
1917,国家海洋局北海环境监测中心,台式计算机,提取能力,采集海洋监测数据
1918,国家海洋局北海监测中心,打印机,提取能力,采集海洋监测数据
1919,国家海洋局北海监测中心,大气采样器,提取能力,采集海洋大气数据
1920,国家海洋局北海监测中心,三防加固工作站及条码打印机,提取能力,采集海洋监测数据
1921,无供应商,历史、地理、科技实验室设备及仪器购销合同,协调能力,组织教育公共服务
1922,国家海洋局北海监测中心,移动工作站、传真服务器和海上溢油监测终端,提取能力,采集海洋监测数据
1923,吉林省国家税务局,吉林省国家税务局金税三期设备采购项目合同,提取能力,增强税收征管能力
1924,无供应商,望谟县农业局物资采购合同,协调能力,组织农业公共服务
1925,国家基础地理信息中心,中央国家机关政府采购网上竞价合同,提取能力,采集地理信息数据
1926,中国疾病预防控制中心传染病预防控制所,供货合同,协调能力,组织疾病预防控制
1927,国家海洋局北海环境监测中心,渤海中部公共海域沉积物现场微生物修复项目,协调能力,组织海洋环境治理
1928,北京中医药大学,文件柜、L型办公桌等,协调能力,组织高等教育服务
1929,无供应商,贵州轻工职业技术学院酒文化展览馆装修及设备采购合同协议书,协调能力,组织高等教育服务
1930,国家海洋局北海监测中心,GPS信标机（手持）,提取能力,采集海洋监测数据
1931,国家税务总局,国税系统批量集中采购合同,提取能力,增强税收征管能力
1932,国家测绘地理信息局第一航测遥感院,国家测绘地理信息局第一航测遥感院制图建库一体化系统（MapStore）采购项目,提取能力,采集测绘遥感数据
1933,中华人民共和国揭阳出入境检验检疫局,中央单位批量集中采购简易合同,合规能力,增强检验检疫能力
1934,华阴市国家税务局,陕西省华阴市国家税务局岳庙分局办公楼维修改造项目,提取能力,增强税收征管能力
1935,中国测绘科学研究院,中央国家机关政府网上竞价合同,提取能力,采集测绘科学数据
1936,国家统计局阳泉调查队,台式电脑批量采购,提取能力,采集统计调查数据
1937,中国测绘科学研究院,中央国家机关政府集中采购电子验收单,提取能力,采集测绘科学数据
1938,国家海洋局北海环境监测中心,台式计算机,提取能力,采集海洋监测数据
1939,国家海洋局北海环境监测中心,等离子体质谱仪稀释装置,提取能力,采集海洋监测数据
1940,水利部产品质量标准研究所,水利机械纳米激光增强增韧试验设备配套机器人（进口部分）采购合同,协调能力,组织水利科学研究
1941,水利部产品质量标准研究所,水利机械纳米激光增强增韧试验设备配套回转台采购合同,协调能力,组织水利科学研究
1942,国家海洋局北海环境监测中心,万米多波束测深系统,提取能力,采集深海监测数据
1943,国家税务总局,国税系统批量集中采购合同,提取能力,增强税收征管能力
1944,国家海洋局北海环境监测中心,海湾移动监测平台改造及相关服务项目,提取能力,采集海洋监测数据
1945,国家海洋局北海环境监测中心,模块化机房,提取能力,采集海洋监测数据
1946,中华人民共和国厦门出入境检验检疫局,厦门机场、东渡检验检疫局综合实验楼电梯销售及安装,合规能力,增强检验检疫能力
1947,水利部产品质量标准研究所,纳米高强高韧材料临界喷熔试验设备智能行走机构(国产部分)采购合同的补充合同,协调能力,组织水利科学研究
1948,图们市国家税务局,吉林省延边州图们市国家税务局打印机采购,提取能力,增强税收征管能力
1949,水利部产品质量标准研究所,纳米高强高韧材料临界喷熔试验设备隔音房采购合同,协调能力,组织水利科学研究
1950,水利部产品质量标准研究所,纳米高强高韧材料临界喷熔试验设备智能行走机构（进口部分）采购合同,协调能力,组织水利科学研究
1951,中国测绘科学研究院,中央国家机关政府网上竞价合同,提取能力,采集测绘科学数据
1952,水利部产品质量标准研究所,纳米高强高韧材料临界喷熔试验设备智能行走机构(国产部分)采购合同,协调能力,组织水利科学研究
1953,中国测绘科学研究院,中央国家机关政府网上竞价合同,提取能力,采集测绘科学数据
1954,中国测绘科学研究院,中央国家机关政府集中采购电子验收单,提取能力,采集测绘科学数据
1955,厦门出入境检验检疫局,移动管理品台采购合同,合规能力,增强检验检疫能力
1956,水利部产品质量标准研究所,纳米高强高韧材料临界熔喷试验设备隔音房的补充合同,协调能力,组织水利科学研究
1957,国家税务总局,国税系统批量集中采购合同,提取能力,增强税收征管能力
1958,国家税务总局,吉林省吉林市国税局100台台式计算机采购合同,提取能力,增强税收征管能力
1959,湖北省国家税务局,湖北省国税局机房扩建改造项目施工施工监理合同,提取能力,增强税收征管能力
1960,中国电子口岸数据中心,采购合同,合规能力,增强海关数据处理
1961,国家税务总局,国税系统批量集中采购合同,提取能力,增强税收征管能力
1962,国家税务总局,国税系统IT类产品协议供货合同,提取能力,增强税收征管能力
1963,正宁县妇幼保健站,庆阳市正宁县妇幼保健站宣传"筛查两癌，呵护健康"专项活动雨伞采购项目合同,协调能力,组织公共医疗服务
1964,中国银行业监督管理委员会泰州监管分局,中央国家机关政府采购协议供货合同,合规能力,增强金融监管能力
1965,图们市国家税务局,吉林省延边州图们市国家税务局空调采购合同,提取能力,增强税收征管能力
1966,龙井市国家税务局,国税系统批量集中采购合同,提取能力,增强税收征管能力
1967,中国电子口岸数据中心,采购合同,合规能力,增强海关数据处理
1968,永兴县国家税务局,永兴县国家税务局综合业务用房维修项目,提取能力,增强税收征管能力
1969,中国地质科学院水文地质环境地质研究所,加速器质谱仪之采购合同书,提取能力,采集地质调查数据
1970,中央国家机关政府采购中心,中央国家机关2015年台式计算机批量集中采购项目-第五期（5-6月）,协调能力,组织政务服务保障
1971,中国电子口岸数据中心,采购合同,合规能力,增强海关数据处理
1972,合浦县国家税务局,国税系统批量集中采购合同,提取能力,增强税收征管能力
1973,国家税务总局,国税系统空调类产品协议供货合同,提取能力,增强税收征管能力
1974,国家税务总局,吉林省吉林市国税局A4激光黑白单面打印机合同,提取能力,增强税收征管能力
1975,合浦县国家税务局,国税系统批量集中采购合同,提取能力,增强税收征管能力
1976,中央国家机关政府采购中心,打印机,协调能力,组织政务服务保障
1977,大连市国家税务局,大连市国家税务局空调采购合同,提取能力,增强税收征管能力
1978,国家税务总局,国税系统IT类产品协议供货合同,提取能力,增强税收征管能力
1979,吉林省国家税务局,白山市国税局自助办税终端设备采购合同,提取能力,增强税收征管能力
1980,国家税务总局2015年第三季度国税系统PC机批量集中采购项目第II包便携式计算机中标公告,吉林省吉林市便携式计算机采购,提取能力,增强税收征管能力
1981,积石山县农村能源办公室,积石山县2015年新能源设施建设项目,协调能力,组织农村能源服务
1982,国家税务总局,吉林省通化市国家税务局2015年9月多功能一体机协议供货,提取能力,增强税收征管能力
1983,国家税务总局,国税系统空调类产品协议供货合同,提取能力,增强税收征管能力
1984,国家税务总局,国税系统IT类产品协议供货合同,提取能力,增强税收征管能力
1985,国家税务总局,吉林省吉林市国税局购买A4激光黑白双面打印机合同,提取能力,增强税收征管能力
1986,合浦县国家税务局,国税系统批量集中采购合同,提取能力,增强税收征管能力
1987,国家税务总局,国税系统批量集中采购合同,提取能力,增强税收征管能力
1988,中国电影科学技术研究所,中央国家机关政府采购网上竞价合同,协调能力,组织电影科技研究
1989,国家外汇管理局,国家外汇管理局更新入侵检测设备采购项目,合规能力,增强外汇监管能力
1990,岷县人民法院,岷县人民法院办公设备采购项目供货合同,合规能力,增强司法审判能力
1991,国家税务总局,吉林省通化市国家税务局机关2015年9月碎纸机协议供货,提取能力,增强税收征管能力
1992,国家税务总局,国税系统批量集中采购合同,提取能力,增强税收征管能力
1993,中央电视台,总部园区防汛保障物资,协调能力,组织广播电视服务
1994,图们市国家税务局,吉林省延边州图们市国家税务局便携式计算机采购,提取能力,增强税收征管能力
1995,中国地质科学院地球物理地球化学勘查研究所,图书资料密集书库建设采购合同,提取能力,采集地质科学数据
1996,龙井市国家税务局,国税系统批量集中采购合同,提取能力,增强税收征管能力
1997,图们市国家税务局,吉林省延边州图们市国家税务局,提取能力,增强税收征管能力
1998,国家税务总局,吉林省通化市国家税务局机关2015年9月协议供货,提取能力,增强税收征管能力
1999,国家外汇管理局,国家外汇管理局域名服务设备采购项目,合规能力,增强外汇监管能力
