序号,采购人,合同名称,分类,理由
15000,庆阳市动物疫控中心,采购合同,协调能力,农业
15001,甘肃省科学院,甘肃省科学院办公楼更换节能窗采购项目购销合同,协调能力,科研
15002,舟曲县文化体育广播影视局,舟曲县文化体育广播影视局2015年"乡村舞台"艺术团体设备二次采购项目中标合同,协调能力,文化
15003,国家海洋技术中心,国家海洋技术中心地物光谱仪采购项目,协调能力,海洋科技
15004,中央音乐学院,中央音乐学院附属中学电梯、锅炉、制冷、安防监控职守服务合同,协调能力,教育
15005,中央国家机关政府采购中心,中央单位批量集中采购简易合同,协调能力,政府服务
15006,合肥市疾病预防控制中心,2015年市疾控中心食品安全风险监测体系建设设备采购第3包,协调能力,卫生
15007,安徽省经济和信息化委员会,省无线电监测指挥控制中心楼顶光伏发电系统设备采购及安装,协调能力,工信
15008,哈尔滨市城市管理局经济技术开发区分局等,办公设备采购项目,协调能力,城管
15009,武汉市江岸区国家税务局,武汉市江岸区国家税务局综合业务办公用房维修改造项目施工合同,提取能力,税务
15010,国家测绘局地下管线勘测工程院,囯家测绘地理信息局第六地形测量队全站仪采购,提取能力,测绘
15011,中央电视台,非洲分台地面站建设设备,协调能力,媒体
15012,和政县农业综合开发办公室,甘肃省和政县2015年新庄乡高标准农田建设项目施工合同,协调能力,农业
15013,兰州文理学院,兰州文理学院应急避难场所广播系统工程项目,协调能力,教育
15014,庆阳市统计局,庆阳市统计局网络维护、软件升级项目,提取能力,统计
15015,水利部水利信息中心,江苏省监测井建设工程第2标段,协调能力,水利
15016,国家发展和改革委员会宏观经济研究院,多媒体系统采购项目,协调能力,发改委
15017,崆峒区农业综合开发办公室,2015年崆峒区1万吨豌豆加工改扩建项目生产设备采购合同,协调能力,农业
15018,中国民用航空局空中交通管理局航空气象中心,中国民用航空局空中交通管理局航空气象中心传真机采购项目,协调能力,民航
15019,武威第十七中学,武威第十七中学冬季用煤采购项目,协调能力,教育
15020,泾川县山洪灾害防治项目领导小组办公室,泾川县山洪灾害防治预警设备采购项目合同,协调能力,防灾
15021,泾川县国土资源局,泾川县国土资源局电子政务信息系统建设采购项目合同,协调能力,国土
15022,北京市怀柔区国家税务局,北京市怀柔区国家税务局报告厅音频系统采购项目,提取能力,税务
15023,中华人民共和国泉州出入境检验检疫局,分液漏斗振荡器政府采购合同,合规能力,检验检疫
15024,凉州区林技中心,凉州区林技中心特色林果配套设备及新品种苗木采购项目七包,协调能力,林业
15025,凉州区松树学区,凉州区松树学区中小学冬季用煤采购项目,协调能力,教育
15026,安徽省食品药品监督管理局,安徽省食品药品监督管理局食品安全快速检测设备及试剂耗材,合规能力,食药监
15027,白银市白银区环境卫生管理局,白银市白银区环境卫生管理局生活垃圾水平压缩设备采购项目采购合同,协调能力,环卫
15028,广州市国家税务局,广州市政府采购合同,提取能力,税务
15029,江苏省苏州市国家税务局,苏州市国税局存储及光纤交换机设备采购,提取能力,税务
15030,广州市国家税务局,广州市政府采购合同,提取能力,税务
15031,中国国际电子商务中心,中国国际电子商务中心大厦安全无线网络硬件采购合同,协调能力,电子商务
15032,凉州区林技中心,凉州区林技中心特色林果配套设备及新品种苗木采购项目二包,协调能力,林业
15033,安徽中医药大学,安徽中医药大学（省级中药原料质量监测中心）科研设备采购第1包,协调能力,教育
15034,中国劳动关系学院,中国劳动关系学院采暖用煤,协调能力,教育
15035,环境保护部核与辐射安全中心,核动力厂安全分析软件的验证和确认工程应用评价项目技术服务合同,合规能力,核安全
15036,安徽体育运动职业技术学院,安徽体育运动职业技术学院图书馆工程设备类采购及安装第3包,协调能力,教育
15037,中国国际电子商务中心,商务部网站群发布系统加固设备协议供货合同,协调能力,电子商务
15038,凉州区林技中心,凉州区林技中心特色林果配套设备及新品种苗木采购项目八包,协调能力,林业
15039,广州市国家税务局,广州市政府采购合同,提取能力,税务
15040,凉州区林技中心,凉州区林技中心特色林果配套设备及新品种苗木采购项目一包-2,协调能力,林业
15041,中央电视台,一号演播厅新建导控室等装修工程,协调能力,媒体
15042,中国环境监测总站,2015年中央本级环境监测能力建设项目国家水环境质量自动监测站新建项目（第三包）,协调能力,环保
15043,凉州区林技中心,凉州区林技中心特色林果配套设备及新品种苗木采购项目四包,协调能力,林业
15044,中央国家机关政府采购中心,中华人民共和国皇岗海关音视频系统采购项目合同,提取能力,海关
15045,武威市凉州区清源镇人民政府,武威市凉州区清源镇人民政府冬季用煤采购项目,协调能力,基层治理
15046,凉州区林技中心,凉州区林技中心特色林果配套设备及新品种苗木采购项目六包,协调能力,林业
15047,环境保护部核与辐射安全中心,国家核技术利用辐射安全管理系统运行维护技术服务合同,合规能力,核安全
15048,天津地质矿产研究所,中央国家机关政府集中采购合同,提取能力,地质调查
15049,中央电视台,央视有线电视光纤入户系统设计,协调能力,媒体
15050,民航总医院,血液透析和相关治疗用水处理设备,协调能力,医疗
15051,国家海洋局天津海水淡化与综合利用研究所,官能团光谱测试仪技术协议,协调能力,海洋
15052,江苏省苏州市国家税务局,苏州市国税局刀片服务器采购,提取能力,税务
15053,中国环境监测总站,2015年中央本级环境监测能力建设项目国家水环境质量自动监测站新建项目（第六包）,协调能力,环保
15054,甘肃省高级人民法院,甘肃省高级人民法院与中国电信股份有限公司甘肃分公司外网宽带年租项目政府采购合同,合规能力,法院
15055,白银市平川中学,白银市平川中学教学楼楼梯走廊维修工程项目维修合同,协调能力,教育
15056,中国银行业监督管理委员会北京监管局,中央国家机关政府采购协议供货合同,合规能力,银监
15057,武威市凉州区清水乡人民政府,武威市凉州区清水乡人民政府机关食堂建设项目,协调能力,基层治理
15058,安徽省基础测绘信息中心,天地图安徽移动端矢量引擎开发平台、UPS采购第2包,提取能力,测绘
15059,中华人民共和国泉州出入境检验检疫局,密闭式核辐射防护服政府采购合同,合规能力,检验检疫
15060,永福县国家税务局,发电机组采购合同,提取能力,税务
15061,安徽省住房和城乡建设厅,安徽省住房和城乡建设厅办公楼、文件档案和机房搬迁第1包：机房搬迁,协调能力,住建
15062,环境保护部核与辐射安全中心,环境保护部核与辐射安全中心应急平台系统整合项目技术开发合同,合规能力,核安全
15063,甘肃省公安厅,甘肃省公安厅全省公安机关新增派出所网络基础环境建设专网IP电话系统视频会议系统建设项目政府采购合同,合规能力,公安
15064,安徽省科学技术档案馆,安徽省科学技术厅数字档案室建设,协调能力,科技
15065,凉州区新华学区,凉州区新华学区中小学冬季用煤采购项目,协调能力,教育
15066,中国民用航空局空中交通管理局航空气象中心,中国民用航空局空中交通管理局航空气象中心图形工作站采购项目,协调能力,民航
15067,中华人民共和国皇岗海关,中华人民共和国皇岗海关金属护栏采购合同,提取能力,海关
15068,天津地质矿产研究所,中央单位批量集中采购简易合同,提取能力,地质调查
15069,安徽省港航管理局淮河航道局,省港航淮河航道局采购2015年下半年淮河干线航道维护信息公布航道及浅滩测量项目合同备案,协调能力,交通
15070,武威黄羊工业园区管委会,武威黄羊工业园区管委会经一路项目三支七斗工程项目,协调能力,开发区
15071,凉州区黄羊水管处,凉州区黄羊水管处冬季用煤采购项目,协调能力,水利
15072,敦煌市图书馆,酒泉市敦煌市图书馆集群自动化管理系统V2.0及数据库采购项目,协调能力,文化
15073,天津地质矿产研究所,中央国家机关政府采购网上竞价合同,提取能力,地质调查
15074,蚌埠市环境监测站,蚌埠市环境监测站采购蚌埠市大气采样设备监测能力建设项目合同备案,协调能力,环保
15075,中华人民共和国龙岩出入境检验检疫局,全自动化学发光免疫分析仪,合规能力,检验检疫
15076,环境保护部核与辐射安全中心,核设施及周边环境航空辐射监测飞行服务项目技术服务合同,合规能力,核安全
15077,广州市国家税务局,广州市政府采购合同,提取能力,税务
15078,国家图书馆,国家图书馆书刊传送系统备件采购项目政府采购合同,协调能力,文化
15079,凉州区看守所,凉州区看守所冬季用煤采购项目,合规能力,看守所
15080,中央电视台,一号厅新增导控室消防改造,协调能力,媒体
15081,安徽中医药大学,安徽中医药大学中医专业能力实践基地建设设备采购第2包：护理设备,协调能力,教育
15082,中国民用航空局空中交通管理局航空气象中心,中国民用航空局空中交通管理局航空气象中心工作站采购项目,协调能力,民航
15083,中央电视台,央视总部园区防汛保障服务,协调能力,媒体
15084,甘肃省白银监狱,甘肃省白银监狱食用植物油小麦粉项目供货合同,合规能力,监狱
15085,合肥市庐阳区卫生和计划生育局、合肥市瑶海区卫生局,合肥市庐阳区和瑶海区基层医疗机构联合体药品带量采购配送企业服务第14包,协调能力,卫生
15086,靖远县农业技术推广中心,白银市靖远县农业技术推广中心2015年中药材、苹果发展扶持资金苗木、种子采购项目供货合同,协调能力,农业
15087,安徽农业大学,安徽农业大学2015年高校发展能力提升计划（仪器设备及修缮）第41包：医疗设备三类,协调能力,教育
15088,武威第十六中学,武威第十六中学少年宫设备采购项目,协调能力,教育
15089,环境保护部核与辐射安全中心,核动力厂安全分析软件验证、确认及验收要求适用性评价项目技术服务合同,合规能力,核安全
15090,甘肃省食品药品检验所,甘肃省食品药品检验所《2015年甘肃省药品检验机构能力实施方案》进口检验仪器设备项目供货合同,合规能力,食药监
15091,中央电视台,干部档案数字化项目后续服务,协调能力,媒体
15092,广州市国家税务局,广州市政府采购合同,提取能力,税务
15093,泾川县国土资源局,泾川县国土资源局基层站所维修改造及办公设备购置项目合同,协调能力,国土
15094,中央电视台,新址总控控管监IT及网络安全设备-服务器、防火墙和防病毒网关全包代维项目,协调能力,媒体
15095,刘白高速公路收费管理所,刘白高速公路管理所2015-2016年度冬季锅炉用煤采购项目供货合同,协调能力,交通
15096,庆阳市果业局,庆阳市果业局"庆阳苹果宣传短片"及"庆阳苹果登机牌、电视广告"项目单一来源采购政府采购合同,协调能力,农业
15097,白银市平川区人民医院,白银市平川区人民医院洗衣房洗涤设备公开招标项目供货合同,协调能力,医疗
15098,中国环境监测总站,2015年中央本级环境监测能力建设项目国家水环境质量自动监测站新建项目（第二包）,协调能力,环保
15099,广州市国家税务局,广州市政府采购合同,提取能力,税务
15100,广州海洋地质调查局,深海浅地层岩芯取样钻机,提取能力,地质调查
15101,敦煌市中医医院,敦煌市中医医院胃镜及肠镜清洗系统采购项目,协调能力,医疗
15102,泾川县国土资源局,泾川县国土资源局基层站所维修改造及办公设备购置项目合同,协调能力,国土
15103,中华人民共和国泉州出入境检验检疫局,药品保存箱政府采购合同,合规能力,检验检疫
15104,中央民族乐团,中标合同,协调能力,文化
15105,国家图书馆,国家图书馆（国家典籍博物馆）文物储藏设备采购合同,协调能力,文化
15106,中央电视台,方楼、圆楼基础网络系统改造及综合布线（一）方案设计,协调能力,媒体
15107,青海省国家税务局,青海国税税收微信服务平台开发项目合同,提取能力,税务
15108,白银市平川区王家山人民政府,白银市平川区王家山镇人民政府枣树苗采购项目供货合同,协调能力,基层治理
15109,中国民用航空局空中交通管理局航空气象中心,中国民用航空局空中交通管理局航空气象中心视频终端采购项目,协调能力,民航
15110,平南县国家税务局,工程承包合同书,提取能力,税务
15111,凉州区林技中心,凉州区林技中心特色林果配套设备及新品种苗木采购项目三包,协调能力,林业
15112,江苏省江阴市国家税务局,江苏省江阴市国税局会议室音响设备采购合同,提取能力,税务
15113,中华人民共和国泉州出入境检验检疫局,加热制冷循环器政府采购合同,合规能力,检验检疫
15114,白银市靖远县特殊教育学校,白银市靖远县特殊教育学校律动教室装配项目采购合同,协调能力,教育
15115,安徽省教育厅,安徽省教育厅基础教育资源应用平台2015年度资源采购第1包：教学素材库,协调能力,教育
15116,甘肃省文物保护维修研究所,甘肃省文物保护维修研究所三维激光扫描仪购置项目供货合同,协调能力,文化
15117,国家统计局广东调查总队,国家统计局广东调查总队容灾备份设备采购项目合同书,提取能力,统计
15118,环境保护部核与辐射安全中心,环境保护部核与辐射安全中心辐射环境监测实验室设备采购（包二）合同书,合规能力,核安全
15119,靖远县卫生局卫生监督所,白银市靖远县卫生局卫生监督所新建业务办公楼装饰项目维修合同,协调能力,卫生
15120,最高人民检察院计划财务装备局,政府采购合同,合规能力,检察院
15121,中央电视台,方楼九层灭火系统维修保养,协调能力,媒体
15122,拱北海关机关服务中心,拱北海关珠海执勤武警部队营房新建篮球场工程合同书,提取能力,海关
15123,靖远县博物馆,白银市靖远县博物馆印制《靖远精品文物图录》采购项目采购合同,协调能力,文化
15124,广州市国家税务局,广州市政府采购办公家具供货合同,提取能力,税务
15125,靖远县农业技术推广中心,白银市靖远县农业技术推广中心2015年中药材、苹果发展扶持资金肥料、地膜采购项目供货合同,协调能力,农业
15126,凉州区张义学区,凉州区张义学区中小学冬季用煤采购项目,协调能力,教育
15127,广州市国家税务局,广州市政府采购合同,提取能力,税务
15128,白银市公安局,白银市靖远县靖远县看守所AB门安防建设项目采购合同,合规能力,公安
15129,中国环境监测总站,2015年中央本级环境监测能力建设项目国家水环境质量自动监测站新建项目（第四包）,协调能力,环保
15130,凉州区林技中心,凉州区林技中心特色林果配套设备及新品种苗木采购项目九包-2,协调能力,林业
15131,凉州区农村集体经济经营管理指导站,凉州区乡镇农村土地流转服务站办公设备采购项目,协调能力,农业
15132,环境保护部核与辐射安全中心,环境保护部核与辐射安全中心国家核技术利用辐射安全管理系统升级改造与运行维护项目第一包：国家核技术利用辐射安全管理系统升级改造合同,合规能力,核安全
15133,庆阳市道路运输管理局,庆阳市道路运输管理局办公用房维修项目,协调能力,交通
15134,天津地质矿产研究所,中央单位批量集中采购简易合同,提取能力,地质调查
15135,凉州区林技中心,凉州区林技中心特色林果配套设备及新品种苗木采购项目五包,协调能力,林业
15136,环境保护部核与辐射安全中心,交互式放射性核素大气扩散计算软件采购项目合同,合规能力,核安全
15137,凉州区丰乐镇青林中心学校,凉州区丰乐镇青林中心学校学生宿舍电暖改造项目,协调能力,教育
15138,天津地质矿产研究所,中央国家机关政府采购网上竞价合同,提取能力,地质调查
15139,中国国际电子商务中心,WEB日志统一分析平台设备协议供货合同,协调能力,电子商务
15140,凉州区林技中心,凉州区林技中心特色林果配套设备及新品种苗木采购项目九包-1,协调能力,林业
15141,中华人民共和国最高人民检察院,最高人民检察院西区信息网络运维服务合同,合规能力,检察院
15142,广州市国家税务局,广州市政府采购合同,提取能力,税务
15143,合肥城市轨道交通有限公司,合肥市轨道交通2号线工程供电系统专用AC0.4kV开关柜设备采购,协调能力,交通
15144,国家海洋局天津海水淡化与综合利用研究所,图形粒径形态分析系统技术协议,协调能力,海洋
15145,安徽省住房和城乡建设厅,安徽省住房和城乡建设厅办公楼、文件档案和机房搬迁第2包：文件档案、家具搬迁,协调能力,住建
15146,白银市靖远县博物馆,白银市靖远县馆藏字画文物修复及馆藏字画无酸纸囊匣装具项目采购合同,协调能力,文化
15147,中国环境监测总站,2015年中央本级环境监测能力建设项目国家水环境质量自动监测站新建项目（第一包）,协调能力,环保
15148,中华人民共和国泉州出入境检验检疫局,鞋类物理机械性能检测仪政府采购合同,合规能力,检验检疫
15149,环境保护部核与辐射安全中心,气溶胶传输过程的拉格朗日计算软件采购项目合同,合规能力,核安全
15150,广州海洋地质调查局,2015年柴油采购购销合同,提取能力,地质调查
15151,中国国际电子商务中心,IBM机架式服务器协议供货合同,协调能力,电子商务
15152,中国环境监测总站,2015年中央本级环境监测能力建设项目国家水环境质量自动监测站新建项目（第五包）,协调能力,环保
15153,凉州区林技中心,凉州区林技中心2015年特色林果大青叶蝉防治农药采购项目,协调能力,林业
15154,中央电视台,方楼、圆楼供电、空调适配改造（三）一号厅导控室动力适配—系统集成部分,协调能力,媒体
15155,凉州区林技中心,凉州区林技中心特色林果配套设备及新品种苗木采购项目一包-1,协调能力,林业
15156,安徽省住房和城乡建设厅,安徽省住房和城乡建设厅食堂用品采购,协调能力,住建
15157,庆阳市林业局,庆阳市林业局护林防火机具采购项目,协调能力,林业
15158,中国人民银行,中国人民银行华为存储维保服务采购项目采购合同,提取能力,人民银行
15159,中国人民银行,中国人民银行分支行电子档案系统维护服务采购项目采购合同,提取能力,人民银行
15160,贵港市国家税务局,贵港市国税局视频监控系统运行维护服务采购,提取能力,税务
15161,中国人民银行,中国人民银行数据中心运维体系建设咨询服务采购合同,提取能力,人民银行
15162,中国疾病预防控制中心,全自动生化分析系统采购合同,协调能力,卫生
15163,合肥市包河区住房和城乡建设局,包河区窨井监控综合管理系统建设,协调能力,住建
15164,国家卫星气象中心,风云四号科研试验卫星地面应用系统工程技术系统项目监理服务合同协议书,协调能力,气象
15165,中国人民银行,中国人民银行分支行CDP维保服务采购项目采购合同,提取能力,人民银行
15166,四川测绘地理信息局,中央国家机关政府采购网上竞价合同,提取能力,测绘
15167,安徽省政府采购中心,安徽省省直行政事业单位2015－2016年财务审计定点事务所采购,协调能力,政府服务
15168,国家海洋局北海分局,差分GPS采购合同,协调能力,海洋
15169,合肥学院,合肥学院综合实验楼施工阶段跟踪审计,协调能力,教育
15170,贵港市国家税务局,贵港市糖业税收信息管理系统维护合同,提取能力,税务
15171,四川测绘地理信息局,中央国家机关政府采购网上竞价合同,提取能力,测绘
15172,合肥市瑶海区大兴镇政府,瑶海区大兴镇大兴新居回迁小区物业管理,协调能力,基层治理
15173,国家海洋局北海分局,自容式声学多普勒流速剖面仪,协调能力,海洋
15174,甘肃省农产品质量安全监督管理局,甘肃省农产品质量安全追溯体系建设项目政府采购合同,协调能力,农业
15175,四川省测绘地理信息局,四川省测绘地理信息局地理国情普查四川省自然与人文地理资源基础库云存储平台集成采购项目合同书,提取能力,测绘
15176,四川测绘地理信息局,中央国家机关政府采购网上竞价合同,提取能力,测绘
15177,甘肃省高台县职业中等专业学校,高台县职业中等专业学校实训楼建设项目监理服务政府采购项目建设工程监理合同,协调能力,教育
15178,四川测绘地理信息局,四川测绘地理信息局基础地理信息系统运行维护管理服务项目政府采购合同,提取能力,测绘
15179,肥西县交通运输局,206国道及合铜路交通信号控制系统采购及安装第1包,协调能力,交通
15180,安徽农业大学,安徽农业大学2016年校园物业服务第2包,协调能力,教育
15181,中国人民银行,中国人民银行中端存储光纤交换机及现场技术支持服务采购项目采购合同,提取能力,人民银行
15182,安徽省教育厅,安徽省教育厅基础教育资源应用平台2015年度资源采购第3包：高三微课资源建设,协调能力,教育
15183,酒泉市人民医院,酒泉市人民医院心肺复苏仪等采购项目,协调能力,医疗
15184,无供应商,政府采购合同,协调能力,通用采购
15185,中国人民银行,中国人民银行补丁分发软件技术支持服务采购项目采购合同,提取能力,人民银行
15186,合肥市包河区档案局,包河区档案馆安全防范系统基础设施设备和数字化档案信息资源管理平台采购第1包,协调能力,档案
15187,厦门市气象局,2015年福建省气象局固定式风廓线雷达采购项目合同书,协调能力,气象
15188,中国疾病预防控制中心,中国疾病预防控制中心2015年-2017年昌平园区保安服务项目合同,协调能力,卫生
15189,国家海洋局,配备500吨级近岸海洋环境监测船建造合同,协调能力,海洋
15190,中国人民银行,中国人民银行日立磁盘阵列维保服务和现场技术支持服务采购项目采购合同,提取能力,人民银行
15191,酒泉市公安消防支队,酒泉市公安消防支队特种抢险救援器材采购项目,协调能力,消防
15192,安徽体育运动职业技术学院,安徽体育运动职业技术学院图书馆工程设备类采购及安装第2包,协调能力,教育
15193,全国人大机关服务中心,23号院办公楼应急电源及安全出口指示灯更换工程,协调能力,人大
15194,中国人民银行,中国人民银行应用系统升级完善技术支持服务采购项目采购合同,提取能力,人民银行
15195,合肥市瑶海区教育体育局,瑶海区体育中考测试仪器采购,协调能力,教育
15196,河北省承德市国家税务局,河北省承德市国家税务局会议音频系统设备采购及安装合同,提取能力,税务
15197,甘肃省肿瘤医院,甘肃省肿瘤医院三维测量水箱等设备购置项目（二次）,协调能力,医疗
15198,国家新闻出版广电总局监管中心,国家新闻出版广电总局监管中心监测前端设备备件（数字）第二包,合规能力,广电监管
15199,庆阳市西峰区食品药品监督管理局,庆阳市西峰区食品药品监督管理局更换取暖锅炉及辅机设备项目,合规能力,食药监
